method,method_label,threat,receiver,bit_errors,total_bits,frame_errors,total_frames,collisions,active_symbols,mean_posterior,ber,ber_ci_low,ber_ci_high,bler,bler_ci_low,bler_ci_high,bler_boot_low,bler_boot_high,bler_upper_bound,zero_error,stats_sufficient,collision_rate,elapsed_s
random,Random,fixed_d1,none,10521,1021000,492,500,128343,1024000,0.12521698113962998,0.01030460333006856,0.010110552275694084,0.010502339276947072,0.984,0.9687488914666064,0.9918707469666116,0.972,0.994,0.9918707469666116,False,True,0.1253349609375,7.819351709000017
random,Random,fixed_d1,brw,303,1021000,88,500,128343,1024000,0.12533660046162157,0.000296767874632713,0.0002651849691695509,0.00033211098022604225,0.176,0.1451264013297267,0.21181417128935892,0.142,0.208,0.21181417128935892,False,False,0.1253349609375,7.8863623750000045
random,Random,fixed_d1,hard_tuned,472,1021000,123,500,128343,1024000,0.12524427516030517,0.0004622918707149853,0.0004224332279564516,0.0005059094680577068,0.246,0.21028099168567166,0.2855921732687967,0.208,0.286,0.2855921732687967,False,True,0.1253349609375,7.802931958000016
random,Random,fixed_d1,oracle,1,1021000,1,500,128343,1024000,0.12528898213922884,9.79431929480901e-07,1.7289380636315717e-07,5.5483959513203965e-06,0.002,0.0003531363945592893,0.01124070670514633,0.0,0.006,0.01124070670514633,False,False,0.1253349609375,7.789046917000007
random,Random,fixed_d1,mixllr,61,1021000,24,500,128343,1024000,0.12546338147385674,5.9745347698334966e-05,4.6516323524562486e-05,7.673635556515607e-05,0.048,0.03246520694135352,0.07042719683588934,0.03,0.068,0.07042719683588934,False,False,0.1253349609375,7.282653834000001
random,Random,fixed_d3,none,10017,1021000,489,500,128212,1024000,0.125152428807185,0.009810969637610186,0.00962162197860174,0.010004005903650323,0.978,0.9610391387886843,0.9876719917300723,0.964,0.99,0.9876719917300723,False,True,0.12520703125,7.856884084000001
random,Random,fixed_d3,brw,317,1021000,97,500,128212,1024000,0.12492849004311073,0.0003104799216454456,0.000278135243991768,0.0003465846962479666,0.194,0.16172646664323764,0.23093962971923215,0.162,0.23,0.23093962971923215,False,False,0.12520703125,7.839439792000007
random,Random,fixed_d3,hard_tuned,386,1021000,114,500,128212,1024000,0.12510884401181627,0.0003780607247796278,0.0003421857297459228,0.0004176953082256521,0.228,0.1933817691150016,0.26676587209608266,0.192,0.264,0.26676587209608266,False,True,0.12520703125,7.862985208999987
random,Random,fixed_d3,oracle,0,1021000,0,500,128212,1024000,0.1251702487833058,0.0,0.0,3.762433268816303e-06,0.0,0.0,0.007624340461551824,0.0,0.0,0.006,True,False,0.12520703125,7.861278333000001
random,Random,fixed_d3,mixllr,61,1021000,23,500,128212,1024000,0.12518162183695578,5.9745347698334966e-05,4.6516323524562486e-05,7.673635556515607e-05,0.046,0.030845108370816544,0.06807779276827253,0.028,0.064,0.06807779276827253,False,False,0.12520703125,7.338151499999981
random,Random,delay_uniform,none,10450,1021000,486,500,127850,1024000,0.12488501171603333,0.010235063663075417,0.01004166805464443,0.010432144687287153,0.972,0.9535535973250517,0.9832490252792434,0.956,0.984,0.9832490252792434,False,True,0.124853515625,7.805426083000015
random,Random,delay_uniform,brw,264,1021000,78,500,127850,1024000,0.125075900723004,0.0002585700293829579,0.00022920709395638975,0.00029169345237338066,0.156,0.12683079140384576,0.19041475483370193,0.12395,0.19,0.19041475483370193,False,False,0.124853515625,7.795737167000027
random,Random,delay_uniform,hard_tuned,403,1021000,105,500,127850,1024000,0.12480495365639847,0.00039471106758080316,0.0003580159204270216,0.00043516567785529663,0.21,0.17657727050840336,0.24784484695929673,0.176,0.246,0.24784484695929673,False,True,0.124853515625,7.8454135000000065
random,Random,delay_uniform,oracle,16,1021000,7,500,127850,1024000,0.12486907875791146,1.5670910871694417e-05,9.646463784121474e-06,2.5457673306570827e-05,0.014,0.006797789790843618,0.028613069137784754,0.004,0.026,0.028613069137784754,False,False,0.124853515625,7.860762707999982
random,Random,delay_uniform,mixllr,64,1021000,20,500,127850,1024000,0.12471333586797953,6.268364348677767e-05,4.909315599287182e-05,8.00360925634485e-05,0.04,0.02604079738977757,0.06097359583485012,0.024,0.058,0.06097359583485012,False,False,0.124853515625,7.270711291999987
random,Random,oracle_best_lag,none,21734,1021000,499,500,174606,1024000,0.1588076207272209,0.021286973555337905,0.021008794020327785,0.021568755341981848,0.998,0.9887592932948537,0.9996468636054407,0.994,1.0,0.9996468636054407,False,True,0.170513671875,8.233995375000006
random,Random,oracle_best_lag,brw,822,1021000,167,500,174606,1024000,0.15870320321129236,0.0008050930460333007,0.0007519240017048311,0.0008620184654128649,0.334,0.2940638124558782,0.37646746857735713,0.292,0.374,0.37646746857735713,False,True,0.170513671875,8.190895875000024
random,Random,oracle_best_lag,hard_tuned,1425,1021000,252,500,174606,1024000,0.1586458012582477,0.001395690499510284,0.0013251276454190896,0.001470005284485558,0.504,0.46031215439035417,0.5476268508859534,0.46,0.548,0.5476268508859534,False,True,0.170513671875,8.199707915999966
random,Random,oracle_best_lag,oracle,8,1021000,8,500,174606,1024000,0.15858281921589779,7.835455435847208e-06,3.970425371179561e-06,1.5462859808574743e-05,0.016,0.00812925303338846,0.03125110853339371,0.006,0.028,0.03125110853339371,False,False,0.170513671875,8.192168207999998
random,Random,oracle_best_lag,mixllr,211,1021000,57,500,174606,1024000,0.15876994644909923,0.00020666013712047012,0.00018059562427117065,0.00023648552814863543,0.114,0.08903690099400347,0.14484908984231457,0.084,0.142,0.14484908984231457,False,False,0.170513671875,7.638195333999988
random,Random,causal_adaptive_lag,none,10370,1021000,488,500,128494,1024000,0.1253734623087038,0.010156709108716943,0.009964054787428954,0.010353049435393247,0.976,0.9585229425360998,0.9862186853445029,0.962,0.988,0.9862186853445029,False,True,0.125482421875,7.919769792000011
random,Random,causal_adaptive_lag,brw,358,1021000,97,500,128524,1024000,0.12534112936122363,0.0003506366307541626,0.0003161528324726723,0.00038888022381061964,0.194,0.16172646664323764,0.23093962971923215,0.16,0.228,0.23093962971923215,False,False,0.12551171875,7.939174292000018
random,Random,causal_adaptive_lag,hard_tuned,352,1021000,95,500,128524,1024000,0.12502641174547366,0.0003447600391772772,0.00031058134614491686,0.0003826985712051716,0.19,0.15802737882972995,0.22669971225643226,0.156,0.224,0.22669971225643226,False,False,0.12551171875,7.932974333999994
random,Random,causal_adaptive_lag,oracle,3,1021000,1,500,128524,1024000,0.1253176119617725,2.9382957884427033e-06,9.992862198088817e-07,8.639716515609174e-06,0.002,0.0003531363945592893,0.01124070670514633,0.0,0.006,0.01124070670514633,False,False,0.12551171875,7.908393666999984
random,Random,causal_adaptive_lag,mixllr,58,1021000,23,500,128524,1024000,0.1255063325343173,5.6807051909892265e-05,4.3948354258349753e-05,7.342775536476707e-05,0.046,0.030845108370816544,0.06807779276827253,0.028,0.064,0.06807779276827253,False,False,0.12551171875,7.356367750000004
random,Random,candidate_aware,none,10440,1021000,492,500,127950,1024000,0.12533971985320722,0.010225269343780607,0.01003196623589836,0.010422257941144548,0.984,0.9687488914666064,0.9918707469666116,0.972,0.994,0.9918707469666116,False,True,0.124951171875,7.849408457999971
random,Random,candidate_aware,brw,315,1021000,81,500,127950,1024000,0.12459673586588756,0.00030852105778648385,0.00027628416221679204,0.00034451806504520814,0.162,0.13230178838984005,0.19685226576216905,0.13,0.194,0.19685226576216905,False,False,0.124951171875,7.830904207999993
random,Random,candidate_aware,hard_tuned,405,1021000,104,500,127950,1024000,0.12482710467653574,0.00039666993143976494,0.0003598794409667726,0.00043721987029328007,0.208,0.17471631170963015,0.24573630311991618,0.174,0.244,0.24573630311991618,False,True,0.124951171875,7.833848792000026
random,Random,candidate_aware,oracle,5,1021000,4,500,127950,1024000,0.12496659187155632,4.897159647404505e-06,2.0917756423217975e-06,1.1464940070830757e-05,0.008,0.003115315180062316,0.020387035834104682,0.002,0.016,0.020387035834104682,False,False,0.124951171875,7.851940917000036
random,Random,candidate_aware,mixllr,57,1021000,22,500,127950,1024000,0.12500482270251909,5.582761998041136e-05,4.30944500918829e-05,7.232280304236667e-05,0.044,0.029233955628607516,0.06571944287232775,0.026,0.062,0.06571944287232775,False,False,0.124951171875,7.310026958000037
bcd,Block-Cyclic Det.,fixed_d1,none,188,1021000,35,500,3970,1024000,0.035140402590213185,0.0001841332027424094,0.000159628168182079,0.00021239928499378034,0.07,0.05075974294501853,0.09579718985191604,0.048,0.094,0.09579718985191604,False,False,0.003876953125,7.445980542000029
bcd,Block-Cyclic Det.,fixed_d1,brw,2,1021000,2,500,3970,1024000,0.03530832210657813,1.958863858961802e-06,5.371912890029076e-07,7.142954957547896e-06,0.004,0.0010976305226828263,0.014465715215176587,0.0,0.01,0.014465715215176587,False,False,0.003876953125,7.373116000000039
bcd,Block-Cyclic Det.,fixed_d1,hard_tuned,9,1021000,2,500,3970,1024000,0.0353027971491859,8.814887365328109e-06,4.637689501094571e-06,1.675445216752698e-05,0.004,0.0010976305226828263,0.014465715215176587,0.0,0.01,0.014465715215176587,False,False,0.003876953125,7.410261750000018
bcd,Block-Cyclic Det.,fixed_d1,oracle,0,1021000,0,500,3970,1024000,0.03538010470943771,0.0,0.0,3.762433268816303e-06,0.0,0.0,0.007624340461551824,0.0,0.0,0.006,True,False,0.003876953125,7.436842291000005
bcd,Block-Cyclic Det.,fixed_d1,mixllr,3,1021000,1,500,3970,1024000,0.03534825341767109,2.9382957884427033e-06,9.992862198088817e-07,8.639716515609174e-06,0.002,0.0003531363945592893,0.01124070670514633,0.0,0.006,0.01124070670514633,False,False,0.003876953125,6.87291058400001
bcd,Block-Cyclic Det.,fixed_d3,none,879,1021000,146,500,11960,1024000,0.0411144550753483,0.000860920666013712,0.000805878570597992,0.0009197187163851372,0.292,0.25385249383562863,0.33331923179637696,0.252,0.334,0.33331923179637696,False,True,0.0116796875,7.45068016700003
bcd,Block-Cyclic Det.,fixed_d3,brw,11,1021000,4,500,11960,1024000,0.04107496019860049,1.0773751224289912e-05,6.016109142836135e-06,1.9293745503519922e-05,0.008,0.003115315180062316,0.020387035834104682,0.002,0.018,0.020387035834104682,False,False,0.0116796875,7.5094865419999905
bcd,Block-Cyclic Det.,fixed_d3,hard_tuned,73,1021000,18,500,11960,1024000,0.04101041730827755,7.149853085210578e-05,5.6871081178142934e-05,8.988787577798263e-05,0.036,0.022891060980293008,0.056184326968027096,0.02,0.054,0.056184326968027096,False,False,0.0116796875,7.438266333000001
bcd,Block-Cyclic Det.,fixed_d3,oracle,0,1021000,0,500,11960,1024000,0.041088355707241994,0.0,0.0,3.762433268816303e-06,0.0,0.0,0.007624340461551824,0.0,0.0,0.006,True,False,0.0116796875,7.443385459000012
bcd,Block-Cyclic Det.,fixed_d3,mixllr,5,1021000,1,500,11960,1024000,0.04104454375360549,4.897159647404505e-06,2.0917756423217975e-06,1.1464940070830757e-05,0.002,0.0003531363945592893,0.01124070670514633,0.0,0.006,0.01124070670514633,False,False,0.0116796875,6.863981416999991
bcd,Block-Cyclic Det.,delay_uniform,none,936,1021000,154,500,13774,1024000,0.042272750460638144,0.0009167482859941235,0.000859893028567802,0.0009773590782807607,0.308,0.2691257480545598,0.34980199868267614,0.27,0.35,0.34980199868267614,False,True,0.013451171875,7.444844500000045
bcd,Block-Cyclic Det.,delay_uniform,brw,18,1021000,5,500,13774,1024000,0.04249504679901162,1.7629774730656218e-05,1.115219259233138e-05,2.786965747609542e-05,0.01,0.00427875389659059,0.0231930997557302,0.002,0.02,0.0231930997557302,False,False,0.013451171875,7.456484917000012
bcd,Block-Cyclic Det.,delay_uniform,hard_tuned,33,1021000,9,500,13774,1024000,0.04241914303081475,3.2321253672869736e-05,2.301569825762387e-05,4.53889991438117e-05,0.018,0.009498193296197237,0.033851670908738724,0.008,0.03,0.033851670908738724,False,False,0.013451171875,7.460351124999988
bcd,Block-Cyclic Det.,delay_uniform,oracle,0,1021000,0,500,13774,1024000,0.042438385159421145,0.0,0.0,3.762433268816303e-06,0.0,0.0,0.007624340461551824,0.0,0.0,0.006,True,False,0.013451171875,7.470995500000015
bcd,Block-Cyclic Det.,delay_uniform,mixllr,7,1021000,3,500,13774,1024000,0.04233393222982623,6.8560235063663075e-06,3.321124145698693e-06,1.4153304545188362e-05,0.006,0.0020425962719602918,0.01749025210405291,0.0,0.014,0.01749025210405291,False,False,0.013451171875,6.905480999999952
bcd,Block-Cyclic Det.,oracle_best_lag,none,226,1021000,49,500,4024,1024000,0.03536284262833035,0.00022135161606268364,0.00019431535792989105,0.0002521486418229238,0.098,0.07492391886460678,0.1272060508664809,0.072,0.124,0.1272060508664809,False,False,0.0039296875,7.845836250000048
bcd,Block-Cyclic Det.,oracle_best_lag,brw,12,1021000,2,500,4024,1024000,0.03538239908578149,1.1753183153770813e-05,6.723577230086449e-06,2.0545133905136857e-05,0.004,0.0010976305226828263,0.014465715215176587,0.0,0.01,0.014465715215176587,False,False,0.0039296875,7.834555000000023
bcd,Block-Cyclic Det.,oracle_best_lag,hard_tuned,17,1021000,3,500,4024,1024000,0.035327768390349325,1.665034280117532e-05,1.0396172521683637e-05,2.6666821057875916e-05,0.006,0.0020425962719602918,0.01749025210405291,0.0,0.014,0.01749025210405291,False,False,0.0039296875,7.845014290999984
bcd,Block-Cyclic Det.,oracle_best_lag,oracle,0,1021000,0,500,4024,1024000,0.03541505718842466,0.0,0.0,3.762433268816303e-06,0.0,0.0,0.007624340461551824,0.0,0.0,0.006,True,False,0.0039296875,7.843150291000029
bcd,Block-Cyclic Det.,oracle_best_lag,mixllr,5,1021000,1,500,4024,1024000,0.03542636773809784,4.897159647404505e-06,2.0917756423217975e-06,1.1464940070830757e-05,0.002,0.0003531363945592893,0.01124070670514633,0.0,0.006,0.01124070670514633,False,False,0.0039296875,7.26410962500006
bcd,Block-Cyclic Det.,causal_adaptive_lag,none,288,1021000,53,500,4064,1024000,0.03536784268734123,0.0002820763956904995,0.0002513294268288527,0.00031658367523373167,0.106,0.08195705027297091,0.13605093001073193,0.08,0.134,0.13605093001073193,False,False,0.00396875,7.501691499999993
bcd,Block-Cyclic Det.,causal_adaptive_lag,brw,9,1021000,3,500,4064,1024000,0.03537204840071482,8.814887365328109e-06,4.637689501094571e-06,1.675445216752698e-05,0.006,0.0020425962719602918,0.01749025210405291,0.0,0.014,0.01749025210405291,False,False,0.00396875,7.550000332999957
bcd,Block-Cyclic Det.,causal_adaptive_lag,hard_tuned,31,1021000,12,500,4064,1024000,0.03555081913986088,3.0362389813907934e-05,2.139123238746079e-05,4.3095752036240274e-05,0.024,0.013781314655497192,0.04147705746390015,0.012,0.038,0.04147705746390015,False,False,0.00396875,7.56795329199997
bcd,Block-Cyclic Det.,causal_adaptive_lag,oracle,0,1021000,0,500,4064,1024000,0.03540271664373383,0.0,0.0,3.762433268816303e-06,0.0,0.0,0.007624340461551824,0.0,0.0,0.006,True,False,0.00396875,7.603607000000011
bcd,Block-Cyclic Det.,causal_adaptive_lag,mixllr,1,1021000,1,500,4064,1024000,0.035248479994229136,9.79431929480901e-07,1.7289380636315717e-07,5.5483959513203965e-06,0.002,0.0003531363945592893,0.01124070670514633,0.0,0.006,0.01124070670514633,False,False,0.00396875,6.943109291999917
bcd,Block-Cyclic Det.,candidate_aware,none,503161,1021000,500,500,1024000,1024000,0.7733457478913529,0.4928119490695397,0.49184222670304395,0.49378172552515937,1.0,0.9923756595384482,1.0,1.0,1.0,1.0,False,True,1.0,7.492113250000102
bcd,Block-Cyclic Det.,candidate_aware,brw,507689,1021000,500,500,1024000,1024000,0.7724155661409946,0.4972468168462292,0.49627699227151845,0.49821666213827565,1.0,0.9923756595384482,1.0,1.0,1.0,1.0,False,True,1.0,7.537980042000072
bcd,Block-Cyclic Det.,candidate_aware,hard_tuned,509921,1021000,500,500,1024000,1024000,0.7726258181556976,0.49943290891283054,0.498463062033874,0.5004027600590718,1.0,0.9923756595384482,1.0,1.0,1.0,1.0,False,True,1.0,7.3643427089999705
bcd,Block-Cyclic Det.,candidate_aware,oracle,509693,1021000,500,500,1024000,1024000,0.7719521657164723,0.4992095984329089,0.49823975298214646,0.5001794498313377,1.0,0.9923756595384482,1.0,1.0,1.0,1.0,False,True,1.0,7.301523792000012
bcd,Block-Cyclic Det.,candidate_aware,mixllr,506916,1021000,500,500,1024000,1024000,0.7724361404435577,0.49648971596474045,0.49551990343692215,0.49745955490697763,1.0,0.9923756595384482,1.0,1.0,1.0,1.0,False,True,1.0,6.937609584000029
sbs,Staggered Block-Shift,fixed_d1,none,216,1021000,45,500,3956,1024000,0.035340340197120554,0.00021155729676787465,0.00018516515475748587,0.0002417102801066565,0.09,0.06794254788913992,0.11830941128933256,0.066,0.116,0.11830941128933256,False,False,0.00386328125,7.694664915999965
sbs,Staggered Block-Shift,fixed_d1,brw,3,1021000,1,500,3956,1024000,0.035318708995946024,2.9382957884427033e-06,9.992862198088817e-07,8.639716515609174e-06,0.002,0.0003531363945592893,0.01124070670514633,0.0,0.006,0.01124070670514633,False,False,0.00386328125,7.807101834000036
sbs,Staggered Block-Shift,fixed_d1,hard_tuned,2,1021000,2,500,3956,1024000,0.035359368713040996,1.958863858961802e-06,5.371912890029076e-07,7.142954957547896e-06,0.004,0.0010976305226828263,0.014465715215176587,0.0,0.01,0.014465715215176587,False,False,0.00386328125,7.766171041999996
sbs,Staggered Block-Shift,fixed_d1,oracle,0,1021000,0,500,3956,1024000,0.035326764701127826,0.0,0.0,3.762433268816303e-06,0.0,0.0,0.007624340461551824,0.0,0.0,0.006,True,False,0.00386328125,7.7735992079999505
sbs,Staggered Block-Shift,fixed_d1,mixllr,0,1021000,0,500,3956,1024000,0.03538092145069472,0.0,0.0,3.762433268816303e-06,0.0,0.0,0.007624340461551824,0.0,0.0,0.006,True,False,0.00386328125,7.256515458000081
sbs,Staggered Block-Shift,fixed_d3,none,60362,1021000,500,500,243959,1024000,0.20864165947792793,0.05912047012732615,0.05866464775382423,0.05957961006044953,1.0,0.9923756595384482,1.0,1.0,1.0,1.0,False,True,0.2382412109375,7.821271207999985
sbs,Staggered Block-Shift,fixed_d3,brw,5111,1021000,444,500,243959,1024000,0.20875852412708826,0.005005876591576886,0.004870832206273991,0.005144645741595342,0.888,0.8573463119959387,0.9127371998058972,0.862,0.914,0.9127371998058972,False,True,0.2382412109375,7.861475499999983
sbs,Staggered Block-Shift,fixed_d3,hard_tuned,9551,1021000,483,500,243959,1024000,0.20872947320934557,0.009354554358472086,0.009169665132166554,0.00954313562627337,0.966,0.9462286344983661,0.9786654801914676,0.95,0.98,0.9786654801914676,False,True,0.2382412109375,7.84737158300004
sbs,Staggered Block-Shift,fixed_d3,oracle,555,1021000,171,500,243959,1024000,0.20839287491153938,0.0005435847208619001,0.000500213248285044,0.0005907145363050962,0.342,0.301765506665861,0.3846437849199895,0.3,0.386,0.3846437849199895,False,True,0.2382412109375,7.87380512499999
sbs,Staggered Block-Shift,fixed_d3,mixllr,1762,1021000,277,500,243959,1024000,0.20914537457552418,0.0017257590597453477,0.0016471020352807678,0.0018081655313721432,0.554,0.5101829628154837,0.5969936084146688,0.512,0.598,0.5969936084146688,False,True,0.2382412109375,7.32865275000006
sbs,Staggered Block-Shift,delay_uniform,none,18182,1021000,492,500,88910,1024000,0.09665947994831024,0.017808031341821743,0.01755330773201481,0.018066383381838347,0.984,0.9687488914666064,0.9918707469666116,0.972,0.994,0.9918707469666116,False,True,0.086826171875,7.827059791000011
sbs,Staggered Block-Shift,delay_uniform,brw,1388,1021000,235,500,88910,1024000,0.09669352464368236,0.0013594515181194907,0.0012898334803414897,0.0014328217594750698,0.47,0.42664805185194765,0.5138094085757455,0.428,0.514,0.5138094085757455,False,True,0.086826171875,7.87828545800005
sbs,Staggered Block-Shift,delay_uniform,hard_tuned,2649,1021000,320,500,88910,1024000,0.0967514551056063,0.002594515181194907,0.0024976958780901226,0.0026950773941880396,0.64,0.5970066170758372,0.6808585675949284,0.6,0.682,0.6808585675949284,False,True,0.086826171875,7.803248250000024
sbs,Staggered Block-Shift,delay_uniform,oracle,125,1021000,44,500,88910,1024000,0.09657844173075467,0.00012242899118511264,0.00010276649399719142,0.00014585300038003117,0.088,0.06620598447492944,0.11607647206538925,0.06395,0.114,0.11607647206538925,False,False,0.086826171875,7.83935970899995
sbs,Staggered Block-Shift,delay_uniform,mixllr,455,1021000,102,500,88910,1024000,0.09666216047671301,0.00044564152791381,0.0004065395845284752,0.0004885025511749399,0.204,0.1709982729111488,0.24151533664208993,0.17,0.238,0.24151533664208993,False,True,0.086826171875,7.295979708000004
sbs,Staggered Block-Shift,oracle_best_lag,none,78641,1021000,500,500,260326,1024000,0.22070501022894928,0.07702350636630755,0.07650791576251988,0.07754227981175839,1.0,0.9923756595384482,1.0,1.0,1.0,1.0,False,True,0.254224609375,8.31727054199996
sbs,Staggered Block-Shift,oracle_best_lag,brw,6683,1021000,469,500,260326,1024000,0.22097195078012075,0.006545543584720862,0.006390973131607654,0.006703827216760996,0.938,0.9133402868983626,0.955980790857318,0.916,0.958,0.955980790857318,False,True,0.254224609375,8.324251209000067
sbs,Staggered Block-Shift,oracle_best_lag,hard_tuned,14678,1021000,496,500,260326,1024000,0.2204186401734227,0.014376101860920667,0.014147028855132466,0.014608829121729854,0.992,0.9796129641658953,0.9968846848199377,0.984,0.998,0.9968846848199377,False,True,0.254224609375,8.251317665999977
sbs,Staggered Block-Shift,oracle_best_lag,oracle,892,1021000,245,500,260326,1024000,0.22043321257861556,0.0008736532810969638,0.0008181925933416289,0.0009328698279967748,0.49,0.4464261747403105,0.5337263120689206,0.448,0.534,0.5337263120689206,False,True,0.254224609375,8.246226332999981
sbs,Staggered Block-Shift,oracle_best_lag,mixllr,2676,1021000,364,500,260326,1024000,0.2210311420720717,0.002620959843290891,0.002523640258083959,0.0027220221393936188,0.728,0.6873673929547537,0.7651559077947787,0.688,0.768,0.7651559077947787,False,True,0.254224609375,7.720522374999973
sbs,Staggered Block-Shift,causal_adaptive_lag,none,55009,1021000,500,500,218411,1024000,0.19031425199541638,0.053877571008814885,0.053441308857379174,0.0543171901719882,1.0,0.9923756595384482,1.0,1.0,1.0,1.0,False,True,0.2132919921875,8.008274625000013
sbs,Staggered Block-Shift,causal_adaptive_lag,brw,4141,1021000,420,500,218357,1024000,0.19010817727920898,0.004055827619980411,0.003934399734633167,0.004180987419034932,0.84,0.8052918208363096,0.8695236276498353,0.808,0.872,0.8695236276498353,False,True,0.2132392578125,8.023180249999996
sbs,Staggered Block-Shift,causal_adaptive_lag,hard_tuned,8380,1021000,483,500,218357,1024000,0.19034124841006647,0.00820763956904995,0.008034473727757906,0.008384506082218468,0.966,0.9462286344983661,0.9786654801914676,0.948,0.98,0.9786654801914676,False,True,0.2132392578125,8.052238750000015
sbs,Staggered Block-Shift,causal_adaptive_lag,oracle,385,1021000,123,500,218357,1024000,0.19049142421981233,0.00037708129285014694,0.0003412550983812676,0.00041666708310144013,0.246,0.21028099168567166,0.2855921732687967,0.21,0.284,0.2855921732687967,False,True,0.2132392578125,8.030239499999993
sbs,Staggered Block-Shift,causal_adaptive_lag,mixllr,1669,1021000,269,500,218357,1024000,0.19028918561763045,0.0016346718903036239,0.0015581645224460622,0.0017149293907421945,0.538,0.4941768452837162,0.5812437048412059,0.496,0.58,0.5812437048412059,False,True,0.2132392578125,7.49092154199991
sbs,Staggered Block-Shift,candidate_aware,none,330475,1021000,500,500,512156,1024000,0.4027945426933097,0.3236777668952008,0.3227708860954004,0.3245859744962729,1.0,0.9923756595384482,1.0,1.0,1.0,1.0,False,True,0.50015234375,8.086663583000018
sbs,Staggered Block-Shift,candidate_aware,brw,165948,1021000,500,500,512156,1024000,0.4027265463096437,0.16253476983349657,0.16182040444707632,0.16325167460073495,1.0,0.9923756595384482,1.0,1.0,1.0,1.0,False,True,0.50015234375,8.061180958000023
sbs,Staggered Block-Shift,candidate_aware,hard_tuned,275299,1021000,500,500,512156,1024000,0.40304133121063895,0.2696366307541626,0.2687767147200164,0.2704982802419176,1.0,0.9923756595384482,1.0,1.0,1.0,1.0,False,True,0.50015234375,8.031229334000045
sbs,Staggered Block-Shift,candidate_aware,oracle,167770,1021000,500,500,512156,1024000,0.4028451045638397,0.16431929480901078,0.16360177189704891,0.16503934367347847,1.0,0.9923756595384482,1.0,1.0,1.0,1.0,False,True,0.50015234375,7.9555692499999395
sbs,Staggered Block-Shift,candidate_aware,mixllr,108920,1021000,500,500,512156,1024000,0.4029285102996757,0.10667972575905975,0.1060824076986751,0.10728000350201462,1.0,0.9923756595384482,1.0,1.0,1.0,1.0,False,True,0.50015234375,7.372803707999992
mcsh_l1,MCSH $L_h=1$,fixed_d1,none,233,1021000,43,500,4049,1024000,0.03540682057271548,0.00022820763956904995,0.00020072891349314897,0.0002594470816817366,0.086,0.06447314240360823,0.11383981149855667,0.062,0.11,0.11383981149855667,False,False,0.0039541015625,7.6586955419999185
mcsh_l1,MCSH $L_h=1$,fixed_d1,brw,8,1021000,2,500,4049,1024000,0.035454852908543597,7.835455435847208e-06,3.970425371179561e-06,1.5462859808574743e-05,0.004,0.0010976305226828263,0.014465715215176587,0.0,0.01,0.014465715215176587,False,False,0.0039541015625,7.635121041999923
mcsh_l1,MCSH $L_h=1$,fixed_d1,hard_tuned,41,1021000,7,500,4049,1024000,0.035351858937386044,4.015670910871694e-05,2.960317459199247e-05,5.44723747203811e-05,0.014,0.006797789790843618,0.028613069137784754,0.004,0.026,0.028613069137784754,False,False,0.0039541015625,7.723043374999975
mcsh_l1,MCSH $L_h=1$,fixed_d1,oracle,0,1021000,0,500,4049,1024000,0.03533934829220637,0.0,0.0,3.762433268816303e-06,0.0,0.0,0.007624340461551824,0.0,0.0,0.006,True,False,0.0039541015625,7.7225751250000485
mcsh_l1,MCSH $L_h=1$,fixed_d1,mixllr,0,1021000,0,500,4049,1024000,0.03536951753551918,0.0,0.0,3.762433268816303e-06,0.0,0.0,0.007624340461551824,0.0,0.0,0.006,True,False,0.0039541015625,7.113687499999969
mcsh_l1,MCSH $L_h=1$,fixed_d3,none,9709,1021000,487,500,125539,1024000,0.12323605278101302,0.009509304603330068,0.009322891430969966,0.009699408652710984,0.974,0.9560285091657764,0.9847436160766726,0.95995,0.988,0.9847436160766726,False,True,0.1225966796875,7.746577624999986
mcsh_l1,MCSH $L_h=1$,fixed_d3,brw,281,1021000,76,500,125539,1024000,0.12297866343626103,0.0002752203721841332,0.00024487093378413834,0.0003093301728563753,0.152,0.12319239267380236,0.18611414828743775,0.122,0.184,0.18611414828743775,False,False,0.1225966796875,7.698749958999997
mcsh_l1,MCSH $L_h=1$,fixed_d3,hard_tuned,532,1021000,129,500,125539,1024000,0.12305499259258741,0.0005210577864838393,0.00047863179186174683,0.0005672422934844466,0.258,0.22159620022281404,0.2980939805605771,0.22,0.296,0.2980939805605771,False,True,0.1225966796875,8.18967695899994
mcsh_l1,MCSH $L_h=1$,fixed_d3,oracle,4,1021000,2,500,125539,1024000,0.12323472729490023,3.917727717923604e-06,1.5235288212406507e-06,1.0074330403044654e-05,0.004,0.0010976305226828263,0.014465715215176587,0.0,0.01,0.014465715215176587,False,False,0.1225966796875,7.92493283400006
mcsh_l1,MCSH $L_h=1$,fixed_d3,mixllr,71,1021000,19,500,125539,1024000,0.1233210469568755,6.953966699314397e-05,5.513694445460916e-05,8.77042995237819e-05,0.038,0.024460118055830683,0.05858477253064321,0.022,0.056,0.05858477253064321,False,False,0.1225966796875,7.223186541000018
mcsh_l1,MCSH $L_h=1$,delay_uniform,none,8464,1021000,474,500,110397,1024000,0.11213223403383056,0.008289911851126347,0.008115878113629568,0.008467645641411656,0.948,0.9248988560621552,0.9642697348842943,0.926,0.966,0.9642697348842943,False,True,0.1078095703125,7.868888374999983
mcsh_l1,MCSH $L_h=1$,delay_uniform,brw,273,1021000,65,500,110397,1024000,0.11199500358572802,0.00026738491674828597,0.00023749589532651378,0.00030103435940306183,0.13,0.10332065036463524,0.16232136157691318,0.1,0.16,0.16232136157691318,False,False,0.1078095703125,7.860451291000004
mcsh_l1,MCSH $L_h=1$,delay_uniform,hard_tuned,419,1021000,112,500,110397,1024000,0.11253132130064028,0.00041038197845249755,0.0003729305649537646,0.0004515927371504296,0.224,0.18963897125990922,0.2625696646748674,0.188,0.26,0.2625696646748674,False,True,0.1078095703125,7.825247957999977
mcsh_l1,MCSH $L_h=1$,delay_uniform,oracle,1,1021000,1,500,110397,1024000,0.11213420097704306,9.79431929480901e-07,1.7289380636315717e-07,5.5483959513203965e-06,0.002,0.0003531363945592893,0.01124070670514633,0.0,0.006,0.01124070670514633,False,False,0.1078095703125,7.8301493330000085
mcsh_l1,MCSH $L_h=1$,delay_uniform,mixllr,82,1021000,20,500,110397,1024000,0.11228606364096846,8.031341821743388e-05,6.471041300231663e-05,9.967825235361419e-05,0.04,0.02604079738977757,0.06097359583485012,0.024,0.058,0.06097359583485012,False,False,0.1078095703125,7.190092541000013
mcsh_l1,MCSH $L_h=1$,oracle_best_lag,none,21714,1021000,499,500,171831,1024000,0.15654857523236942,0.021267384916748285,0.020989331500342857,0.021549040732189433,0.998,0.9887592932948537,0.9996468636054407,0.994,1.0,0.9996468636054407,False,True,0.1678037109375,8.228007791000095
mcsh_l1,MCSH $L_h=1$,oracle_best_lag,brw,876,1021000,201,500,171831,1024000,0.15699205642412228,0.0008579823702252694,0.0008030373123719502,0.0009166834051445775,0.402,0.35992874032614613,0.4455656304043181,0.358,0.444,0.4455656304043181,False,True,0.1678037109375,8.137737875000084
mcsh_l1,MCSH $L_h=1$,oracle_best_lag,hard_tuned,1346,1021000,263,500,171831,1024000,0.15682608069791104,0.0013183153770812929,0.0012497852771757505,0.0013905979901083845,0.526,0.48220164836949675,0.5694018859265025,0.482,0.572,0.5694018859265025,False,True,0.1678037109375,8.279417250000051
mcsh_l1,MCSH $L_h=1$,oracle_best_lag,oracle,14,1021000,10,500,171831,1024000,0.15660013972877157,1.3712047012732615e-05,8.168339237870458e-06,2.3018084875087345e-05,0.02,0.01089918359621099,0.03642018324687877,0.008,0.032,0.03642018324687877,False,False,0.1678037109375,8.219687291000014
mcsh_l1,MCSH $L_h=1$,oracle_best_lag,mixllr,232,1021000,62,500,171831,1024000,0.15642291297871988,0.00022722820763956906,0.00019981228180105507,0.00025840485688496327,0.124,0.09794609113930411,0.1557874128877829,0.096,0.154,0.1557874128877829,False,False,0.1678037109375,7.569391957999983
mcsh_l1,MCSH $L_h=1$,causal_adaptive_lag,none,12141,1021000,490,500,134408,1024000,0.12957541938294606,0.01189128305582762,0.011682854191056259,0.012103384873549844,0.98,0.9635798167531212,0.989100816403789,0.968,0.992,0.989100816403789,False,True,0.1312578125,7.885737584000026
mcsh_l1,MCSH $L_h=1$,causal_adaptive_lag,brw,436,1021000,109,500,134490,1024000,0.1297569695189592,0.00042703232125367285,0.0003887930149537652,0.0004690308474611722,0.218,0.18403372643598928,0.25626640158432595,0.182,0.256,0.25626640158432595,False,True,0.131337890625,7.909813915999962
mcsh_l1,MCSH $L_h=1$,causal_adaptive_lag,hard_tuned,646,1021000,140,500,134490,1024000,0.12948225640572122,0.0006327130264446621,0.0005857803437507824,0.0006834033813262777,0.28,0.24243604304127647,0.3209186667618064,0.24,0.32,0.3209186667618064,False,True,0.131337890625,7.898658750000095
mcsh_l1,MCSH $L_h=1$,causal_adaptive_lag,oracle,7,1021000,5,500,134490,1024000,0.12957037082723233,6.8560235063663075e-06,3.321124145698693e-06,1.4153304545188362e-05,0.01,0.00427875389659059,0.0231930997557302,0.002,0.02,0.0231930997557302,False,False,0.131337890625,7.9301746660000845
mcsh_l1,MCSH $L_h=1$,causal_adaptive_lag,mixllr,94,1021000,36,500,134490,1024000,0.1299265861274482,9.20666013712047e-05,7.524185145448166e-05,0.00011265309176785617,0.072,0.05245803141812664,0.09806840401696171,0.05,0.094,0.09806840401696171,False,False,0.131337890625,7.31698237500018
mcsh_l1,MCSH $L_h=1$,candidate_aware,none,14763,1021000,498,500,145509,1024000,0.13732979469346893,0.014459353574926543,0.014229622475653129,0.014692738302762905,0.996,0.9855342847848235,0.9989023694773173,0.99,1.0,0.9989023694773173,False,True,0.1420986328125,7.887841415999901
mcsh_l1,MCSH $L_h=1$,candidate_aware,brw,571,1021000,128,500,145509,1024000,0.13798607961086842,0.0005592556317335945,0.0005152379437309666,0.0006070315446810497,0.256,0.2197077081917198,0.29601296995351756,0.22195,0.296,0.29601296995351756,False,True,0.1420986328125,7.875500582999848
mcsh_l1,MCSH $L_h=1$,candidate_aware,hard_tuned,903,1021000,199,500,145509,1024000,0.13776738696094062,0.0008844270323212537,0.0008286145309958824,0.0009439953117200609,0.398,0.35602997790389557,0.44152538755026116,0.356,0.442,0.44152538755026116,False,True,0.1420986328125,7.936342375000095
mcsh_l1,MCSH $L_h=1$,candidate_aware,oracle,9,1021000,6,500,145509,1024000,0.13746574030270495,8.814887365328109e-06,4.637689501094571e-06,1.675445216752698e-05,0.012,0.005510995174027812,0.025930361116446775,0.004,0.022,0.025930361116446775,False,False,0.1420986328125,7.862610542000084
mcsh_l1,MCSH $L_h=1$,candidate_aware,mixllr,114,1021000,35,500,145509,1024000,0.13761889624821985,0.00011165523996082272,9.295483441551373e-05,0.0001341172385841691,0.07,0.05075974294501853,0.09579718985191604,0.048,0.09204999999999973,0.09579718985191604,False,False,0.1420986328125,7.2406591670001035
mcsh_l2,MCSH $L_h=2$,fixed_d1,none,291,1021000,55,500,4018,1024000,0.03541703133943333,0.00028501469147894224,0.0002540988289237226,0.0003196908426054636,0.11,0.08549141515660369,0.14045557040340675,0.084,0.138,0.14045557040340675,False,False,0.003923828125,7.753476084000113
mcsh_l2,MCSH $L_h=2$,fixed_d1,brw,2,1021000,1,500,4018,1024000,0.035518762920911474,1.958863858961802e-06,5.371912890029076e-07,7.142954957547896e-06,0.002,0.0003531363945592893,0.01124070670514633,0.0,0.006,0.01124070670514633,False,False,0.003923828125,7.799827167000103
mcsh_l2,MCSH $L_h=2$,fixed_d1,hard_tuned,20,1021000,5,500,4018,1024000,0.03542915780788015,1.958863858961802e-05,1.2681254880046073e-05,3.0258308166115226e-05,0.01,0.00427875389659059,0.0231930997557302,0.002,0.02,0.0231930997557302,False,False,0.003923828125,7.864828292000084
mcsh_l2,MCSH $L_h=2$,fixed_d1,oracle,0,1021000,0,500,4018,1024000,0.03531839036951218,0.0,0.0,3.762433268816303e-06,0.0,0.0,0.007624340461551824,0.0,0.0,0.006,True,False,0.003923828125,7.855761874999871
mcsh_l2,MCSH $L_h=2$,fixed_d1,mixllr,4,1021000,1,500,4018,1024000,0.03533118701447616,3.917727717923604e-06,1.5235288212406507e-06,1.0074330403044654e-05,0.002,0.0003531363945592893,0.01124070670514633,0.0,0.006,0.01124070670514633,False,False,0.003923828125,7.185216416999992
mcsh_l2,MCSH $L_h=2$,fixed_d3,none,20640,1021000,499,500,166708,1024000,0.15327474280377243,0.0202154750244858,0.01994428740169635,0.020490272961792514,0.998,0.9887592932948537,0.9996468636054407,0.994,1.0,0.9996468636054407,False,True,0.16280078125,7.8645494579998285
mcsh_l2,MCSH $L_h=2$,fixed_d3,brw,800,1021000,176,500,166708,1024000,0.1529579448052211,0.0007835455435847208,0.0007311167611488685,0.000839730863213748,0.352,0.3114108418907438,0.39484596288587553,0.312,0.392,0.39484596288587553,False,True,0.16280078125,7.88359666700012
mcsh_l2,MCSH $L_h=2$,fixed_d3,hard_tuned,1532,1021000,268,500,166708,1024000,0.1533651578403145,0.0015004897159647404,0.0014272617639493955,0.001577468810264048,0.536,0.4921792344942963,0.5792718129924721,0.492,0.582,0.5792718129924721,False,True,0.16280078125,7.893404374999818
mcsh_l2,MCSH $L_h=2$,fixed_d3,oracle,29,1021000,14,500,166708,1024000,0.1531060520524646,2.8403525954946132e-05,1.9777404423433484e-05,4.0791867022533083e-05,0.028,0.01675097472075668,0.04644640267494825,0.014,0.042,0.04644640267494825,False,False,0.16280078125,7.856696833000115
mcsh_l2,MCSH $L_h=2$,fixed_d3,mixllr,242,1021000,64,500,166708,1024000,0.1527268948853707,0.00023702252693437806,0.00020898453482166488,0.00026882116875302596,0.128,0.1015268239952372,0.1601456853081574,0.1,0.158,0.1601456853081574,False,False,0.16280078125,7.30825516699997
mcsh_l2,MCSH $L_h=2$,delay_uniform,none,8329,1021000,473,500,95143,1024000,0.10108541063012379,0.008157688540646425,0.00798505181216778,0.008334026316876365,0.946,0.9225734384893537,0.9626256498189422,0.926,0.964,0.9626256498189422,False,True,0.0929130859375,7.928145624999843
mcsh_l2,MCSH $L_h=2$,delay_uniform,brw,239,1021000,74,500,95143,1024000,0.10096796089883894,0.00023408423114593536,0.0002062314912300143,0.00026569764287807484,0.148,0.11956140538920615,0.18180613029572637,0.118,0.18,0.18180613029572637,False,False,0.0929130859375,7.848783916000002
mcsh_l2,MCSH $L_h=2$,delay_uniform,hard_tuned,493,1021000,121,500,95143,1024000,0.10127806296627735,0.00048285994123408425,0.000442085112442889,0.0005273935698374818,0.242,0.20651780855112958,0.28141635112703123,0.206,0.28,0.28141635112703123,False,True,0.0929130859375,7.847524499999963
mcsh_l2,MCSH $L_h=2$,delay_uniform,oracle,2,1021000,2,500,95143,1024000,0.1014179195711888,1.958863858961802e-06,5.371912890029076e-07,7.142954957547896e-06,0.004,0.0010976305226828263,0.014465715215176587,0.0,0.01,0.014465715215176587,False,False,0.0929130859375,7.847163292000005
mcsh_l2,MCSH $L_h=2$,delay_uniform,mixllr,82,1021000,19,500,95143,1024000,0.1013640828883615,8.031341821743388e-05,6.471041300231663e-05,9.967825235361419e-05,0.038,0.024460118055830683,0.05858477253064321,0.022,0.054,0.05858477253064321,False,False,0.0929130859375,7.298535415999822
mcsh_l2,MCSH $L_h=2$,oracle_best_lag,none,26162,1021000,500,500,177051,1024000,0.16054626730124927,0.025623898139079334,0.025319184924177823,0.025932180970835998,1.0,0.9923756595384482,1.0,1.0,1.0,1.0,False,True,0.1729013671875,8.297152207999943
mcsh_l2,MCSH $L_h=2$,oracle_best_lag,brw,1171,1021000,230,500,177051,1024000,0.16059214553499307,0.0011469147894221353,0.0010831124402339884,0.001214470941498378,0.46,0.4167851025299877,0.5038248447069366,0.416,0.502,0.5038248447069366,False,True,0.1729013671875,8.228099292000024
mcsh_l2,MCSH $L_h=2$,oracle_best_lag,hard_tuned,2057,1021000,331,500,177051,1024000,0.16021918718747297,0.0020146914789422135,0.0019295686723318898,0.00210356155853686,0.662,0.6194427380354706,0.7020869756549868,0.61995,0.702,0.7020869756549868,False,True,0.1729013671875,8.286060790999954
mcsh_l2,MCSH $L_h=2$,oracle_best_lag,oracle,25,1021000,14,500,177051,1024000,0.1602992909641826,2.4485798237022526e-05,1.6586199074024633e-05,3.614764641647292e-05,0.028,0.01675097472075668,0.04644640267494825,0.014,0.042049999999999726,0.04644640267494825,False,False,0.1729013671875,8.2530240829999
mcsh_l2,MCSH $L_h=2$,oracle_best_lag,mixllr,312,1021000,85,500,177051,1024000,0.16054822185041753,0.00030558276199804115,0.0002735081817555938,0.00034141747603980464,0.17,0.13962036610396197,0.2054116986006623,0.138,0.204,0.2054116986006623,False,False,0.1729013671875,7.671380499999941
mcsh_l2,MCSH $L_h=2$,causal_adaptive_lag,none,18297,1021000,499,500,150003,1024000,0.14096606110599808,0.017920666013712047,0.017665146765209153,0.018179812844863745,0.998,0.9887592932948537,0.9996468636054407,0.994,1.0,0.9996468636054407,False,True,0.1464873046875,7.922637915999985
mcsh_l2,MCSH $L_h=2$,causal_adaptive_lag,brw,820,1021000,171,500,150036,1024000,0.14104792571092706,0.0008031341821743389,0.0007500320212989469,0.0008599927328410148,0.342,0.301765506665861,0.3846437849199895,0.3,0.382,0.3846437849199895,False,True,0.14651953125,7.964575333000084
mcsh_l2,MCSH $L_h=2$,causal_adaptive_lag,hard_tuned,1296,1021000,239,500,150036,1024000,0.1410600276816472,0.0012693437806072477,0.0012021312921999896,0.0013403091506407826,0.478,0.43455096039387703,0.5217845105864313,0.436,0.522,0.5217845105864313,False,True,0.14651953125,7.964600749999818
mcsh_l2,MCSH $L_h=2$,causal_adaptive_lag,oracle,24,1021000,10,500,150036,1024000,0.14056977265481294,2.3506366307541627e-05,1.5796994045974507e-05,3.49779949556558e-05,0.02,0.01089918359621099,0.03642018324687877,0.008,0.034,0.03642018324687877,False,False,0.14651953125,7.939283875000001
mcsh_l2,MCSH $L_h=2$,causal_adaptive_lag,mixllr,267,1021000,68,500,150036,1024000,0.14087001853288783,0.0002615083251714006,0.00023196904807117492,0.0002948080677251972,0.136,0.10871544340723793,0.16883507644877188,0.106,0.166,0.16883507644877188,False,False,0.14651953125,7.407902166999975
mcsh_l2,MCSH $L_h=2$,candidate_aware,none,20404,1021000,500,500,168688,1024000,0.1540231208281835,0.019984329089128304,0.019714675449529265,0.02025759478258692,1.0,0.9923756595384482,1.0,1.0,1.0,1.0,False,True,0.164734375,7.981833416999962
mcsh_l2,MCSH $L_h=2$,candidate_aware,brw,915,1021000,178,500,168688,1024000,0.15428676656088344,0.0008961802154750244,0.0008399863563218655,0.0009561297642604848,0.356,0.31527456002604115,0.39892125002688583,0.31795,0.39804999999999974,0.39892125002688583,False,True,0.164734375,7.897333500000059
mcsh_l2,MCSH $L_h=2$,candidate_aware,hard_tuned,1626,1021000,283,500,168688,1024000,0.15434323117152868,0.0015925563173359452,0.00151706319635105,0.0016717998878159153,0.566,0.5222171596922538,0.6087764273668212,0.522,0.608,0.6087764273668212,False,True,0.164734375,7.8970780419999755
mcsh_l2,MCSH $L_h=2$,candidate_aware,oracle,34,1021000,20,500,168688,1024000,0.15432972363082037,3.330068560235064e-05,2.3831625416285817e-05,4.653192847401701e-05,0.04,0.02604079738977757,0.06097359583485012,0.024,0.06,0.06097359583485012,False,False,0.164734375,7.87880691700002
mcsh_l2,MCSH $L_h=2$,candidate_aware,mixllr,292,1021000,77,500,168688,1024000,0.15438493401166575,0.0002859941234084231,0.0002550221561020576,0.0003207263719159958,0.154,0.1250106802783409,0.18826536332105304,0.124,0.188,0.18826536332105304,False,False,0.164734375,7.357832958000017
pash_a08,PASH $\alpha=0.8$,fixed_d1,none,3845,1021000,402,500,89366,1024000,0.09708548279377345,0.0037659157688540645,0.003648958856957144,0.0038866067760062488,0.804,0.7669425076136418,0.8364218933857348,0.768,0.838,0.8364218933857348,False,True,0.087271484375,8.170168625000088
pash_a08,PASH $\alpha=0.8$,fixed_d1,brw,87,1021000,33,500,89366,1024000,0.09724612252668433,8.52105778648384e-05,6.908843069978443e-05,0.00010509451710048265,0.066,0.04737852635977429,0.09123940116085269,0.044,0.09,0.09123940116085269,False,False,0.087271484375,8.169647417000078
pash_a08,PASH $\alpha=0.8$,fixed_d1,hard_tuned,129,1021000,38,500,89366,1024000,0.0971664259374466,0.00012634671890303625,0.0001063448592074216,0.00015011006112527,0.076,0.0558690270374283,0.10259641367396766,0.054,0.102,0.10259641367396766,False,False,0.087271484375,8.176972166999803
pash_a08,PASH $\alpha=0.8$,fixed_d1,oracle,0,1021000,0,500,89366,1024000,0.09690382118348906,0.0,0.0,3.762433268816303e-06,0.0,0.0,0.007624340461551824,0.0,0.0,0.006,True,False,0.087271484375,8.185921792000045
pash_a08,PASH $\alpha=0.8$,fixed_d1,mixllr,11,1021000,5,500,89366,1024000,0.0971246243575922,1.0773751224289912e-05,6.016109142836135e-06,1.9293745503519922e-05,0.01,0.00427875389659059,0.0231930997557302,0.002,0.02,0.0231930997557302,False,False,0.087271484375,7.643946959000004
pash_a08,PASH $\alpha=0.8$,fixed_d3,none,3909,1021000,390,500,91959,1024000,0.09894834112823898,0.0038285994123408423,0.003710661447973935,0.003950271000276962,0.78,0.7416313019131556,0.8140990674283756,0.742,0.8160499999999997,0.8140990674283756,False,True,0.0898037109375,8.186290000000099
pash_a08,PASH $\alpha=0.8$,fixed_d3,brw,91,1021000,30,500,91959,1024000,0.0990602216339814,8.9128305582762e-05,7.260138613089404e-05,0.00010941698762484203,0.06,0.0423483564809466,0.08436106312521902,0.04,0.08,0.08436106312521902,False,False,0.0898037109375,8.168655124999987
pash_a08,PASH $\alpha=0.8$,fixed_d3,hard_tuned,109,1021000,36,500,91959,1024000,0.0990455376623097,0.00010675808031341821,8.851019098550706e-05,0.0001287675995698395,0.072,0.05245803141812664,0.09806840401696171,0.05,0.094,0.09806840401696171,False,False,0.0898037109375,8.187153500000022
pash_a08,PASH $\alpha=0.8$,fixed_d3,oracle,1,1021000,1,500,91959,1024000,0.09880263317441129,9.79431929480901e-07,1.7289380636315717e-07,5.5483959513203965e-06,0.002,0.0003531363945592893,0.01124070670514633,0.0,0.008,0.01124070670514633,False,False,0.0898037109375,8.17013754200002
pash_a08,PASH $\alpha=0.8$,fixed_d3,mixllr,20,1021000,5,500,91959,1024000,0.09901940324709727,1.958863858961802e-05,1.2681254880046073e-05,3.0258308166115226e-05,0.01,0.00427875389659059,0.0231930997557302,0.002,0.02,0.0231930997557302,False,False,0.0898037109375,7.609513500000048
pash_a08,PASH $\alpha=0.8$,delay_uniform,none,4542,1021000,419,500,93128,1024000,0.09999720804956053,0.0044485798237022525,0.0043213454919615035,0.004579543113742363,0.838,0.8031477342378309,0.86769821161016,0.802,0.868,0.86769821161016,False,True,0.0909453125,8.18094829200004
pash_a08,PASH $\alpha=0.8$,delay_uniform,brw,87,1021000,32,500,93128,1024000,0.09998457212700973,8.52105778648384e-05,6.908843069978443e-05,0.00010509451710048265,0.064,0.04569601604478983,0.08895240883768336,0.044,0.086,0.08895240883768336,False,False,0.0909453125,8.151995500000112
pash_a08,PASH $\alpha=0.8$,delay_uniform,hard_tuned,187,1021000,51,500,93128,1024000,0.09975695715083308,0.0001831537708129285,0.00015871863737056873,0.0002113499593164234,0.102,0.0784343521031701,0.13163462290422515,0.076,0.13,0.13163462290422515,False,False,0.0909453125,8.164449499999819
pash_a08,PASH $\alpha=0.8$,delay_uniform,oracle,1,1021000,1,500,93128,1024000,0.09984352449288371,9.79431929480901e-07,1.7289380636315717e-07,5.5483959513203965e-06,0.002,0.0003531363945592893,0.01124070670514633,0.0,0.006,0.01124070670514633,False,False,0.0909453125,8.138521875000151
pash_a08,PASH $\alpha=0.8$,delay_uniform,mixllr,16,1021000,4,500,93128,1024000,0.09980449684412515,1.5670910871694417e-05,9.646463784121474e-06,2.5457673306570827e-05,0.008,0.003115315180062316,0.020387035834104682,0.002,0.016,0.020387035834104682,False,False,0.0909453125,7.594958500000075
pash_a08,PASH $\alpha=0.8$,oracle_best_lag,none,9796,1021000,484,500,130230,1024000,0.12673473748284506,0.009594515181194908,0.009407268316650466,0.009785452281561937,0.968,0.9486551309545589,0.9802084863734287,0.952,0.982,0.9802084863734287,False,True,0.127177734375,8.518750583000156
pash_a08,PASH $\alpha=0.8$,oracle_best_lag,brw,243,1021000,69,500,130230,1024000,0.12661978526450735,0.00023800195886385897,0.0002099024706096179,0.0002698620894539402,0.138,0.1105180088988844,0.17100201359527917,0.11,0.16804999999999973,0.17100201359527917,False,False,0.127177734375,8.54431154100007
pash_a08,PASH $\alpha=0.8$,oracle_best_lag,hard_tuned,392,1021000,102,500,130230,1024000,0.1267464086793033,0.00038393731635651324,0.00034777083419412086,0.0004238633427106576,0.204,0.1709982729111488,0.24151533664208993,0.17,0.2400499999999997,0.24151533664208993,False,True,0.127177734375,8.566666166999994
pash_a08,PASH $\alpha=0.8$,oracle_best_lag,oracle,3,1021000,3,500,130230,1024000,0.12659884793468199,2.9382957884427033e-06,9.992862198088817e-07,8.639716515609174e-06,0.006,0.0020425962719602918,0.01749025210405291,0.0,0.014,0.01749025210405291,False,False,0.127177734375,8.593146625000145
pash_a08,PASH $\alpha=0.8$,oracle_best_lag,mixllr,62,1021000,17,500,130230,1024000,0.12637205908073823,6.072477962781587e-05,4.737431435869552e-05,7.783722121989029e-05,0.034,0.021334519808532466,0.053771365501633854,0.02,0.05,0.053771365501633854,False,False,0.127177734375,8.049026292000008
pash_a08,PASH $\alpha=0.8$,causal_adaptive_lag,none,4232,1021000,408,500,89434,1024000,0.09710065693018827,0.0041449559255631735,0.004022186240962435,0.004271456853192583,0.816,0.7796708962064606,0.8475105206218386,0.782,0.852,0.8475105206218386,False,True,0.087337890625,8.309100875000013
pash_a08,PASH $\alpha=0.8$,causal_adaptive_lag,brw,75,1021000,25,500,89408,1024000,0.09709564639586717,7.345739471106758e-05,5.860823694271948e-05,9.20684329911406e-05,0.05,0.034093745243849796,0.07276816117154686,0.034,0.07,0.07276816117154686,False,False,0.0873125,8.275278124999886
pash_a08,PASH $\alpha=0.8$,causal_adaptive_lag,hard_tuned,87,1021000,29,500,89408,1024000,0.0970204382127797,8.52105778648384e-05,6.908843069978443e-05,0.00010509451710048265,0.058,0.0406837291117576,0.08205618785625424,0.038,0.078,0.08205618785625424,False,False,0.0873125,8.288000125000053
pash_a08,PASH $\alpha=0.8$,causal_adaptive_lag,oracle,0,1021000,0,500,89408,1024000,0.09723493709740272,0.0,0.0,3.762433268816303e-06,0.0,0.0,0.007624340461551824,0.0,0.0,0.006,True,False,0.0873125,8.266145874999893
pash_a08,PASH $\alpha=0.8$,causal_adaptive_lag,mixllr,16,1021000,4,500,89408,1024000,0.097194733665326,1.5670910871694417e-05,9.646463784121474e-06,2.5457673306570827e-05,0.008,0.003115315180062316,0.020387035834104682,0.002,0.016,0.020387035834104682,False,False,0.0873125,7.6703802079998695
pash_a08,PASH $\alpha=0.8$,candidate_aware,none,23879,1021000,500,500,172147,1024000,0.15696798923004865,0.023387855044074438,0.02309649226682593,0.02368280426410396,1.0,0.9923756595384482,1.0,1.0,1.0,1.0,False,True,0.1681123046875,8.246412875000033
pash_a08,PASH $\alpha=0.8$,candidate_aware,brw,1083,1021000,217,500,172147,1024000,0.15678750300082095,0.001060724779627816,0.0009994339998210641,0.0011257700108909842,0.434,0.39122357263317875,0.4777828403077462,0.394,0.476,0.4777828403077462,False,True,0.1681123046875,8.263621667000052
pash_a08,PASH $\alpha=0.8$,candidate_aware,hard_tuned,1875,1021000,300,500,172147,1024000,0.15681181845287775,0.0018364348677766896,0.0017552412034424467,0.0019213771464524636,0.6,0.5564541227024283,0.6420210092052613,0.558,0.642,0.6420210092052613,False,True,0.1681123046875,8.290934166999932
pash_a08,PASH $\alpha=0.8$,candidate_aware,oracle,48,1021000,21,500,172147,1024000,0.15676446219628648,4.701273261508325e-05,3.5462009114422745e-05,6.232553562002157e-05,0.042,0.027632310108452022,0.06335158575432946,0.026,0.06,0.06335158575432946,False,False,0.1681123046875,8.22095579200004
pash_a08,PASH $\alpha=0.8$,candidate_aware,mixllr,246,1021000,57,500,172147,1024000,0.15709849452599464,0.00024094025465230167,0.00021265703084631053,0.00027298409868384933,0.114,0.08903690099400347,0.14484908984231457,0.088,0.144,0.14484908984231457,False,False,0.1681123046875,7.50296133400002
pash_c15,PASH-cap $p_{\max}=0.15$,fixed_d1,none,5148,1021000,436,500,98987,1024000,0.10395760921448484,0.005042115572967679,0.00490657898615398,0.005181376651803441,0.872,0.8398543146918427,0.8984731760047628,0.842,0.9,0.8984731760047628,False,True,0.0966669921875,8.120366332999993
pash_c15,PASH-cap $p_{\max}=0.15$,fixed_d1,brw,135,1021000,41,500,98987,1024000,0.10408210780657264,0.00013222331047992164,0.00011172205679407611,0.00015648600247181895,0.082,0.06101908946846943,0.10935485915738791,0.05995,0.106,0.10935485915738791,False,False,0.0966669921875,8.16078483399997
pash_c15,PASH-cap $p_{\max}=0.15$,fixed_d1,hard_tuned,182,1021000,53,500,98987,1024000,0.10399056438291689,0.000178256611165524,0.0001541738078683456,0.00020610050637431024,0.106,0.08195705027297091,0.13605093001073193,0.08,0.13404999999999972,0.13605093001073193,False,False,0.0966669921875,8.18122533299993
pash_c15,PASH-cap $p_{\max}=0.15$,fixed_d1,oracle,0,1021000,0,500,98987,1024000,0.10401667627859983,0.0,0.0,3.762433268816303e-06,0.0,0.0,0.007624340461551824,0.0,0.0,0.006,True,False,0.0966669921875,8.17854525000007
pash_c15,PASH-cap $p_{\max}=0.15$,fixed_d1,mixllr,26,1021000,13,500,98987,1024000,0.10394737450775669,2.5465230166503428e-05,1.7379034155503256e-05,3.731366782386156e-05,0.026,0.015256383923327468,0.043971490834223664,0.012,0.04,0.043971490834223664,False,False,0.0966669921875,7.546977916999822
pash_c15,PASH-cap $p_{\max}=0.15$,fixed_d3,none,6078,1021000,459,500,103671,1024000,0.10758734588608933,0.005952987267384917,0.005805621962162317,0.006104070210441646,0.918,0.8906451408426123,0.9389809105315307,0.894,0.94,0.9389809105315307,False,True,0.1012412109375,8.203740166999978
pash_c15,PASH-cap $p_{\max}=0.15$,fixed_d3,brw,116,1021000,42,500,103671,1024000,0.10744192183830413,0.00011361410381978453,9.473545451344232e-05,0.00013625433146397501,0.084,0.06274413680383088,0.11159931446018025,0.06,0.11,0.11159931446018025,False,False,0.1012412109375,8.200913958000001
pash_c15,PASH-cap $p_{\max}=0.15$,fixed_d3,hard_tuned,207,1021000,55,500,103671,1024000,0.10725441813121923,0.0002027424094025465,0.0001769427938706006,0.00023230293259373646,0.11,0.08549141515660369,0.14045557040340675,0.082,0.138,0.14045557040340675,False,False,0.1012412109375,8.238883416999897
pash_c15,PASH-cap $p_{\max}=0.15$,fixed_d3,oracle,0,1021000,0,500,103671,1024000,0.10750733302037015,0.0,0.0,3.762433268816303e-06,0.0,0.0,0.007624340461551824,0.0,0.0,0.006,True,False,0.1012412109375,8.241853333000108
pash_c15,PASH-cap $p_{\max}=0.15$,fixed_d3,mixllr,26,1021000,8,500,103671,1024000,0.10726495557199761,2.5465230166503428e-05,1.7379034155503256e-05,3.731366782386156e-05,0.016,0.00812925303338846,0.03125110853339371,0.006,0.028,0.03125110853339371,False,False,0.1012412109375,7.6329546250001385
pash_c15,PASH-cap $p_{\max}=0.15$,delay_uniform,none,5805,1021000,454,500,103364,1024000,0.10728614986341432,0.0056856023506366305,0.005541607680647793,0.00583331667049541,0.908,0.8794612618638263,0.9303172763195474,0.882,0.932,0.9303172763195474,False,True,0.10094140625,8.161234540999885
pash_c15,PASH-cap $p_{\max}=0.15$,delay_uniform,brw,143,1021000,48,500,103364,1024000,0.10732087013901073,0.00014005876591576886,0.00011890849927953108,0.000164970411897302,0.096,0.07317350466541958,0.12498696242751431,0.072,0.122,0.12498696242751431,False,False,0.10094140625,8.148389749999978
pash_c15,PASH-cap $p_{\max}=0.15$,delay_uniform,hard_tuned,219,1021000,68,500,103364,1024000,0.1071721112561907,0.00021449559255631734,0.00018790868423120788,0.0002448433200995362,0.136,0.10871544340723793,0.16883507644877188,0.108,0.164,0.16883507644877188,False,False,0.10094140625,8.16896354100004
pash_c15,PASH-cap $p_{\max}=0.15$,delay_uniform,oracle,0,1021000,0,500,103364,1024000,0.10740605232646477,0.0,0.0,3.762433268816303e-06,0.0,0.0,0.007624340461551824,0.0,0.0,0.006,True,False,0.10094140625,8.185947040999963
pash_c15,PASH-cap $p_{\max}=0.15$,delay_uniform,mixllr,24,1021000,6,500,103364,1024000,0.10723017560266106,2.3506366307541627e-05,1.5796994045974507e-05,3.49779949556558e-05,0.012,0.005510995174027812,0.025930361116446775,0.004,0.022,0.025930361116446775,False,False,0.10094140625,7.589841250000063
pash_c15,PASH-cap $p_{\max}=0.15$,oracle_best_lag,none,12964,1021000,497,500,142594,1024000,0.13534527224243903,0.012697355533790401,0.012482003056578423,0.012916374898365427,0.994,0.9825097478959471,0.9979574037280398,0.988,1.0,0.9979574037280398,False,True,0.139251953125,8.578125083000032
pash_c15,PASH-cap $p_{\max}=0.15$,oracle_best_lag,brw,364,1021000,96,500,142594,1024000,0.13560087469450202,0.000356513222331048,0.0003217268607145007,0.0003950593345019947,0.192,0.1598762185958839,0.22882037512843206,0.15795,0.226,0.22882037512843206,False,False,0.139251953125,8.552351209000108
pash_c15,PASH-cap $p_{\max}=0.15$,oracle_best_lag,hard_tuned,573,1021000,143,500,142594,1024000,0.13545316651450603,0.0005612144955925563,0.0005171166705806474,0.0006090705308091035,0.286,0.24814005321609384,0.32712316450145035,0.244,0.324,0.32712316450145035,False,True,0.139251953125,8.64059204199998
pash_c15,PASH-cap $p_{\max}=0.15$,oracle_best_lag,oracle,2,1021000,2,500,142594,1024000,0.13545792309011842,1.958863858961802e-06,5.371912890029076e-07,7.142954957547896e-06,0.004,0.0010976305226828263,0.014465715215176587,0.0,0.01,0.014465715215176587,False,False,0.139251953125,8.643987790999972
pash_c15,PASH-cap $p_{\max}=0.15$,oracle_best_lag,mixllr,82,1021000,29,500,142594,1024000,0.13551779878888154,8.031341821743388e-05,6.471041300231663e-05,9.967825235361419e-05,0.058,0.0406837291117576,0.08205618785625424,0.038,0.08,0.08205618785625424,False,False,0.139251953125,8.019424583000045
pash_c15,PASH-cap $p_{\max}=0.15$,causal_adaptive_lag,none,5507,1021000,441,500,99175,1024000,0.10441961554056416,0.005393731635651322,0.00525350962382171,0.005537675493639053,0.882,0.8507680121388815,0.9074069917484929,0.852,0.91,0.9074069917484929,False,True,0.0968505859375,8.302061000000094
pash_c15,PASH-cap $p_{\max}=0.15$,causal_adaptive_lag,brw,131,1021000,37,500,99168,1024000,0.10411705066904475,0.00012830558276199805,0.00010813600113035988,0.00015223663218006623,0.074,0.054161184751012434,0.10033475332222973,0.053950000000000005,0.098,0.10033475332222973,False,False,0.09684375,8.205453541999987
pash_c15,PASH-cap $p_{\max}=0.15$,causal_adaptive_lag,hard_tuned,210,1021000,63,500,99168,1024000,0.1040385197351443,0.00020568070519098923,0.00017968218053594347,0.00023544011539499538,0.126,0.09973528894537771,0.1579677177198631,0.1,0.156,0.1579677177198631,False,False,0.09684375,8.229287915999976
pash_c15,PASH-cap $p_{\max}=0.15$,causal_adaptive_lag,oracle,1,1021000,1,500,99168,1024000,0.10419600364043893,9.79431929480901e-07,1.7289380636315717e-07,5.5483959513203965e-06,0.002,0.0003531363945592893,0.01124070670514633,0.0,0.006,0.01124070670514633,False,False,0.09684375,8.252191709000044
pash_c15,PASH-cap $p_{\max}=0.15$,causal_adaptive_lag,mixllr,22,1021000,9,500,99168,1024000,0.10391978613106148,2.1547502448579825e-05,1.423037925271683e-05,3.262689677117898e-05,0.018,0.009498193296197237,0.033851670908738724,0.008,0.03,0.033851670908738724,False,False,0.09684375,7.760196582999924
pash_c15,PASH-cap $p_{\max}=0.15$,candidate_aware,none,15180,1021000,499,500,151083,1024000,0.1418558847703677,0.01486777668952008,0.014634845368793557,0.015104358565480121,0.998,0.9887592932948537,0.9996468636054407,0.994,1.0,0.9996468636054407,False,True,0.1475419921875,8.268195083000137
pash_c15,PASH-cap $p_{\max}=0.15$,candidate_aware,brw,522,1021000,133,500,151083,1024000,0.1419498552182532,0.0005112634671890304,0.00046925491502388663,0.0005570306054336345,0.266,0.22916040182047204,0.30640778951553427,0.23,0.304,0.30640778951553427,False,True,0.1475419921875,8.268317290999903
pash_c15,PASH-cap $p_{\max}=0.15$,candidate_aware,hard_tuned,1008,1021000,203,500,151083,1024000,0.14156685892319212,0.0009872673849167482,0.0009281991288742633,0.001050090645172741,0.406,0.3638304421340646,0.4496029338727073,0.364,0.45,0.4496029338727073,False,True,0.1475419921875,8.219415416999936
pash_c15,PASH-cap $p_{\max}=0.15$,candidate_aware,oracle,12,1021000,8,500,151083,1024000,0.14163301502163245,1.1753183153770813e-05,6.723577230086449e-06,2.0545133905136857e-05,0.016,0.00812925303338846,0.03125110853339371,0.006,0.026049999999999726,0.03125110853339371,False,False,0.1475419921875,8.219815874999995
pash_c15,PASH-cap $p_{\max}=0.15$,candidate_aware,mixllr,162,1021000,41,500,151083,1024000,0.14152803234155503,0.00015866797257590596,0.0001360451298696792,0.00018505205459563162,0.082,0.06101908946846943,0.10935485915738791,0.06,0.106,0.10935485915738791,False,False,0.1475419921875,7.682162708000078
pash_c14,PASH-cap $p_{\max}=0.14$,fixed_d1,none,5993,1021000,449,500,104945,1024000,0.10828900888666473,0.0058697355533790406,0.00572341130389539,0.006019778067154857,0.898,0.8683653770957749,0.9215656478968299,0.872,0.924,0.9215656478968299,False,True,0.1024853515625,8.200668375000078
pash_c14,PASH-cap $p_{\max}=0.14$,fixed_d1,brw,116,1021000,44,500,104945,1024000,0.108354345319715,0.00011361410381978453,9.473545451344232e-05,0.00013625433146397501,0.088,0.06620598447492944,0.11607647206538925,0.064,0.112,0.11607647206538925,False,False,0.1024853515625,8.206994500000064
pash_c14,PASH-cap $p_{\max}=0.14$,fixed_d1,hard_tuned,204,1021000,51,500,104945,1024000,0.10832431192308489,0.00019980411361410382,0.0001742048479721768,0.00022916430902555852,0.102,0.0784343521031701,0.13163462290422515,0.07595,0.13004999999999972,0.13163462290422515,False,False,0.1024853515625,8.217131417000019
pash_c14,PASH-cap $p_{\max}=0.14$,fixed_d1,oracle,0,1021000,0,500,104945,1024000,0.10835152485602069,0.0,0.0,3.762433268816303e-06,0.0,0.0,0.007624340461551824,0.0,0.0,0.006,True,False,0.1024853515625,8.249732792000032
pash_c14,PASH-cap $p_{\max}=0.14$,fixed_d1,mixllr,21,1021000,8,500,104945,1024000,0.10807167765544017,2.0568070519098922e-05,1.3453483783037578e-05,3.1444935751990975e-05,0.016,0.00812925303338846,0.03125110853339371,0.006,0.028,0.03125110853339371,False,False,0.1024853515625,7.602995832999795
pash_c14,PASH-cap $p_{\max}=0.14$,fixed_d3,none,6845,1021000,463,500,109456,1024000,0.11160271009602644,0.006704211557296768,0.006547768828107798,0.006864366271457345,0.926,0.8996652466777704,0.9458388152489876,0.902,0.948,0.9458388152489876,False,True,0.106890625,8.546620791999885
pash_c14,PASH-cap $p_{\max}=0.14$,fixed_d3,brw,194,1021000,62,500,109456,1024000,0.1116026910892438,0.00019000979431929482,0.00016508918375523422,0.00021869140835382864,0.124,0.09794609113930411,0.1557874128877829,0.096,0.152,0.1557874128877829,False,False,0.106890625,8.366475374999936
pash_c14,PASH-cap $p_{\max}=0.14$,fixed_d3,hard_tuned,226,1021000,75,500,109456,1024000,0.11166716125855615,0.00022135161606268364,0.00019431535792989105,0.0002521486418229238,0.15,0.12137595769138891,0.18396108063169736,0.11995,0.182,0.18396108063169736,False,False,0.106890625,8.332022416999962
pash_c14,PASH-cap $p_{\max}=0.14$,fixed_d3,oracle,4,1021000,1,500,109456,1024000,0.11157175458929819,3.917727717923604e-06,1.5235288212406507e-06,1.0074330403044654e-05,0.002,0.0003531363945592893,0.01124070670514633,0.0,0.006,0.01124070670514633,False,False,0.106890625,8.32592287500006
pash_c14,PASH-cap $p_{\max}=0.14$,fixed_d3,mixllr,25,1021000,10,500,109456,1024000,0.11187185589949436,2.4485798237022526e-05,1.6586199074024633e-05,3.614764641647292e-05,0.02,0.01089918359621099,0.03642018324687877,0.01,0.034,0.03642018324687877,False,False,0.106890625,7.7294736660001035
pash_c14,PASH-cap $p_{\max}=0.14$,delay_uniform,none,6887,1021000,456,500,109312,1024000,0.11154582707445498,0.006745347698334966,0.006588423263092787,0.0069059838090047825,0.912,0.8839235279346108,0.9337940155250707,0.888,0.936,0.9337940155250707,False,True,0.10675,8.260547749999887
pash_c14,PASH-cap $p_{\max}=0.14$,delay_uniform,brw,189,1021000,51,500,109312,1024000,0.11126008424145999,0.0001851126346718903,0.0001605378838052771,0.00021344842585944946,0.102,0.0784343521031701,0.13163462290422515,0.076,0.128,0.13163462290422515,False,False,0.10675,8.245498041000019
pash_c14,PASH-cap $p_{\max}=0.14$,delay_uniform,hard_tuned,247,1021000,71,500,109312,1024000,0.11144790404084148,0.00024191968658178256,0.0002135754660070109,0.0002740245200120162,0.142,0.1141293604456967,0.17532966732477442,0.114,0.174,0.17532966732477442,False,False,0.10675,8.23433895900007
pash_c14,PASH-cap $p_{\max}=0.14$,delay_uniform,oracle,1,1021000,1,500,109312,1024000,0.11129357692243456,9.79431929480901e-07,1.7289380636315717e-07,5.5483959513203965e-06,0.002,0.0003531363945592893,0.01124070670514633,0.0,0.006,0.01124070670514633,False,False,0.10675,8.17991291699991
pash_c14,PASH-cap $p_{\max}=0.14$,delay_uniform,mixllr,34,1021000,11,500,109312,1024000,0.11143198237813687,3.330068560235064e-05,2.3831625416285817e-05,4.653192847401701e-05,0.022,0.01232800826992777,0.03896086121131578,0.01,0.036,0.03896086121131578,False,False,0.10675,7.632937625000068
pash_c14,PASH-cap $p_{\max}=0.14$,oracle_best_lag,none,14447,1021000,496,500,149629,1024000,0.14047303270515088,0.014149853085210579,0.013922578660333218,0.014380783467600763,0.992,0.9796129641658953,0.9968846848199377,0.984,0.998,0.9968846848199377,False,True,0.1461220703125,8.600814165999964
pash_c14,PASH-cap $p_{\max}=0.14$,oracle_best_lag,brw,428,1021000,106,500,149629,1024000,0.14045459622530246,0.0004191968658178257,0.0003813263842315035,0.00046082662627249595,0.212,0.1784395042882994,0.2499521158175545,0.176,0.24804999999999972,0.2499521158175545,False,True,0.1461220703125,8.602891249999857
pash_c14,PASH-cap $p_{\max}=0.14$,oracle_best_lag,hard_tuned,699,1021000,171,500,149629,1024000,0.14064745707876952,0.0006846229187071498,0.0006357313531463371,0.0007372717658406872,0.342,0.301765506665861,0.3846437849199895,0.3,0.382,0.3846437849199895,False,True,0.1461220703125,8.589282082999944
pash_c14,PASH-cap $p_{\max}=0.14$,oracle_best_lag,oracle,3,1021000,2,500,149629,1024000,0.14060229669449203,2.9382957884427033e-06,9.992862198088817e-07,8.639716515609174e-06,0.004,0.0010976305226828263,0.014465715215176587,0.0,0.01,0.014465715215176587,False,False,0.1461220703125,8.55586545899996
pash_c14,PASH-cap $p_{\max}=0.14$,oracle_best_lag,mixllr,108,1021000,35,500,149629,1024000,0.1406685325212728,0.00010577864838393732,8.76224890606226e-05,0.00012769644500585674,0.07,0.05075974294501853,0.09579718985191604,0.048,0.092,0.09579718985191604,False,False,0.1461220703125,8.014833250000038
pash_c14,PASH-cap $p_{\max}=0.14$,causal_adaptive_lag,none,6512,1021000,455,500,105304,1024000,0.1087228883463152,0.0063780607247796274,0.006225491837055859,0.006534344051716489,0.91,0.8816905887106675,0.9320574521108601,0.882,0.934,0.9320574521108601,False,True,0.1028359375,8.280334541999991
pash_c14,PASH-cap $p_{\max}=0.14$,causal_adaptive_lag,brw,193,1021000,62,500,105450,1024000,0.10855600419928883,0.0001890303623898139,0.00016417856555526184,0.00021764317006493374,0.124,0.09794609113930411,0.1557874128877829,0.096,0.154,0.1557874128877829,False,False,0.102978515625,8.236899624999978
pash_c14,PASH-cap $p_{\max}=0.14$,causal_adaptive_lag,hard_tuned,236,1021000,64,500,105450,1024000,0.10864321862394394,0.00023114593535749264,0.00020347961007343584,0.0002625729545680515,0.128,0.1015268239952372,0.1601456853081574,0.1,0.158,0.1601456853081574,False,False,0.102978515625,8.325540875000115
pash_c14,PASH-cap $p_{\max}=0.14$,causal_adaptive_lag,oracle,0,1021000,0,500,105450,1024000,0.10882904759230769,0.0,0.0,3.762433268816303e-06,0.0,0.0,0.007624340461551824,0.0,0.0,0.006,True,False,0.102978515625,8.28178554100009
pash_c14,PASH-cap $p_{\max}=0.14$,causal_adaptive_lag,mixllr,30,1021000,7,500,105450,1024000,0.1085841332744613,2.938295788442703e-05,2.0582924980942163e-05,4.194520295389165e-05,0.014,0.006797789790843618,0.028613069137784754,0.004,0.026,0.028613069137784754,False,False,0.102978515625,7.789409291000084
pash_c14,PASH-cap $p_{\max}=0.14$,candidate_aware,none,12911,1021000,492,500,142080,1024000,0.13531442590074896,0.012645445641527914,0.012430532038125669,0.012864026522908216,0.984,0.9687488914666064,0.9918707469666116,0.972,0.994,0.9918707469666116,False,True,0.13875,8.240613250000024
pash_c14,PASH-cap $p_{\max}=0.14$,candidate_aware,brw,525,1021000,121,500,142080,1024000,0.13542089599854792,0.000514201762977473,0.0004720675615695838,0.0005600945283545389,0.242,0.20651780855112958,0.28141635112703123,0.208,0.28,0.28141635112703123,False,True,0.13875,8.202050750000126
pash_c14,PASH-cap $p_{\max}=0.14$,candidate_aware,hard_tuned,753,1021000,184,500,142080,1024000,0.13494309317104078,0.0007375122428991185,0.0006866998632578624,0.0007920815061279935,0.368,0.3268845483787579,0.4111282775030919,0.326,0.41,0.4111282775030919,False,True,0.13875,8.25835700000016
pash_c14,PASH-cap $p_{\max}=0.14$,candidate_aware,oracle,6,1021000,4,500,142080,1024000,0.13512110728980914,5.876591576885407e-06,2.6932973251699746e-06,1.2822274876849832e-05,0.008,0.003115315180062316,0.020387035834104682,0.002,0.016,0.020387035834104682,False,False,0.13875,8.25411595799983
pash_c14,PASH-cap $p_{\max}=0.14$,candidate_aware,mixllr,150,1021000,42,500,142080,1024000,0.13503995577210634,0.00014691478942213516,0.00012521128954852062,0.0001723796170503832,0.084,0.06274413680383088,0.11159931446018025,0.06,0.11,0.11159931446018025,False,False,0.13875,7.697436999999809
