alpha,floor,cap,short_delay_collision,worst_lag,worst_lag_collision,candidate_collision,risk_max_worst_or_candidate,usage_cv,max_inclusion_prob,elapsed_s,lag_1,lag_2,lag_3,lag_4,lag_5,lag_6,lag_7,lag_8,lag_9,lag_10,lag_11,lag_12
0.6,0.3,0.13,0.1153529302930679,8,0.12621892107664234,0.12899236505681816,0.12899236505681816,0.05308187478467058,0.12999772727272726,2.108637334000001,0.11554968167348795,0.11515617891264786,0.11518192421483842,0.11555989583333333,0.11595689777904328,0.11589224162488607,0.12545332449840402,0.12621892107664234,0.12560884727293473,0.12520601455479452,0.12543095448835084,0.12582570412477148
1.4,0.1,0.13,0.11514462762201447,7,0.12565905722754217,0.12915838068181817,0.12915838068181817,0.05362176149936071,0.12999772727272726,2.10228062500002,0.11523259862437471,0.11505665661965424,0.11607714354802004,0.11567462858606557,0.11529666144646923,0.11544179438240657,0.12565905722754217,0.12548115305656932,0.12535211518712916,0.12524614726027397,0.1250758408519872,0.1251008698011883
1.4,0.2,0.13,0.11562707625013655,7,0.12591110208618334,0.12925781249999999,0.12925781249999999,0.05246503801435923,0.12999772727272726,2.1040228340000056,0.11548217939972716,0.11577197310054595,0.115928681156122,0.11519346254553733,0.11558406890660591,0.11603645595943482,0.12591110208618334,0.12554708884580293,0.1257069046668188,0.12552885987442922,0.1251855870260393,0.12537759226462522
1.2,0.1,0.13,0.1151349022079195,9,0.12559815010269285,0.12927024147727273,0.12927024147727273,0.05264359894925906,0.12999772727272726,2.1121324579999907,0.11501676898590268,0.11525303542993631,0.1148494395766955,0.11531264230418944,0.11509645501138951,0.1150910508773929,0.12555663617191062,0.12525394189096714,0.12559815010269285,0.12539240867579907,0.12521592336683418,0.12530975062842778
1.0,0.2,0.13,0.1154435589893516,7,0.12611950666894667,0.12927201704545455,0.12927201704545455,0.05261449941606526,0.12999772727272726,2.104916750000001,0.11558343281036836,0.11530368516833485,0.11532949761037778,0.11529930128642987,0.11565881264236903,0.11568838309024612,0.12611950666894667,0.12594715870209855,0.12551257274075764,0.12562785388127853,0.1252025396870717,0.12474827182358318
1.0,0.3,0.13,0.11535702048280383,7,0.12657550302097584,0.12928178267045454,0.12928178267045454,0.05280714775899309,0.12999772727272726,2.1041950829999934,0.11514733259436107,0.11556670837124658,0.11567353920118344,0.11572443505236794,0.11554669703872437,0.11548630497948952,0.12657550302097584,0.12587854984032845,0.12615262009356457,0.12542451484018266,0.1254684287916857,0.1248420003999086
0.8,0.3,0.13,0.11533516290001328,8,0.1256878706660584,0.129404296875,0.129404296875,0.0527715975963182,0.12999772727272726,2.108385999999996,0.1155301415416098,0.11514018425841674,0.1159429050978607,0.11583472079918034,0.1158020714692483,0.11583437784867821,0.12526629474464204,0.1256878706660584,0.12539133814468278,0.12500535102739727,0.1252899797281864,0.12533563756855576
1.4,0.4,0.13,0.11585226984501548,10,0.1260693136415525,0.12942560369318185,0.12942560369318185,0.052891273061758975,0.12999772727272726,2.1045206670000027,0.11576551131195999,0.11593902837807099,0.11587534137460172,0.1162047116917122,0.11569262528473806,0.11591004586371922,0.12579621238030098,0.12545709540374086,0.12512836604290278,0.1260693136415525,0.12524893644358154,0.12474916447669104
1.2,0.4,0.13,0.11581315159688507,7,0.12604024167806657,0.1294806463068182,0.1294806463068182,0.052657838255538804,0.12999772727272726,2.1079821669999887,0.11585433009322418,0.11577197310054596,0.11573043496813838,0.11569686361566484,0.11613041002277905,0.11520499800592525,0.12604024167806657,0.12554797986998176,0.12483686815381106,0.12543789240867578,0.12555140760621286,0.125391874714351
1.8,0.3,0.13,0.11635872540578045,7,0.1254559963520292,0.12950461647727274,0.12950461647727274,0.052808849291130645,0.12999772727272726,2.1039105830000153,0.11594936618917691,0.11676808462238399,0.11590467825443787,0.11565684056238615,0.11571576025056948,0.1161067827028259,0.1254559963520292,0.12512563440921534,0.12536370378822453,0.12522741866438356,0.12487508565555047,0.12499553673446068
1.8,0.4,0.13,0.11579273317737693,8,0.12585271013914234,0.12956764914772728,0.12956764914772728,0.05316349560236197,0.12999772727272726,2.093748750000003,0.1157699522510232,0.11581551410373067,0.11628161271051433,0.11667876252276868,0.11562677961275626,0.11636494416590704,0.12543996523027814,0.12585271013914234,0.12557943005476951,0.12518817779680366,0.12533726873001372,0.1251446098034735
0.8,0.2,0.13,0.11529118790514942,7,0.1262691304719562,0.12962446732954544,0.12962446732954544,0.05181125203132741,0.12999772727272726,2.1449887079999996,0.11548484396316508,0.11509753184713375,0.11546462505689578,0.11547095571493625,0.11517119874715262,0.11541686844804011,0.1262691304719562,0.125981908645073,0.12547958979917845,0.1251810430936073,0.1250267673595249,0.1250990844949726
0.6,0.2,0.13,0.11521389899779699,7,0.1259137739398085,0.1296573153409091,0.1296573153409091,0.053080830535757524,0.12999772727272726,2.1237618339999997,0.11540313068440201,0.11502466731119199,0.1149410062016386,0.11528418146630237,0.11513293707289293,0.11582992678896992,0.1259137739398085,0.1257627166970803,0.12577554484253767,0.12542629851598172,0.12560405007994516,0.1251624628656307
1.8,0.2,0.13,0.11613073005921863,7,0.12643656663246694,0.1296590909090909,0.1296590909090909,0.053204562380351414,0.12999772727272726,2.100078499999995,0.11626378467485218,0.11599767544358508,0.11566109325216205,0.11566128756830601,0.11566504128701594,0.11654298655423884,0.12643656663246694,0.12597834454835766,0.12505616014376997,0.12487781820776254,0.12492862037460027,0.12506962694241316
0.6,0.1,0.13,0.11513348809816046,7,0.12577572816917465,0.12968128551136365,0.12968128551136365,0.05244439062417699,0.12999772727272726,2.12302625,0.11537382048658482,0.1148931557097361,0.11461029955621302,0.11540514002732241,0.11471828730068337,0.11494327569507748,0.12577572816917465,0.12560411439324817,0.12523533774532175,0.12534870861872147,0.12519718621516673,0.12488931101462523
1.0,0.4,0.13,0.11568434840253303,7,0.12587725860693114,0.1297150213068182,0.1297150213068182,0.05229481742596856,0.12999772727272726,2.107639790999997,0.1156669224647567,0.11570177434030937,0.11567087221210744,0.11565861936475409,0.11537407460136674,0.1156955047857794,0.12587725860693114,0.12575469747947082,0.12541362391602007,0.1257339825913242,0.12562546396756513,0.12509283592321757
1.0,0.1,0.13,0.11505005946122421,7,0.12639648882808938,0.12976384943181818,0.12976384943181818,0.05349623884386295,0.12999772727272726,2.110800000000012,0.11493860845839017,0.11516151046405826,0.11503257282658169,0.11516322290528232,0.11511870017084284,0.11460054409753874,0.12639648882808938,0.1254713517906022,0.1258459678799635,0.12534068207762558,0.12504996573777982,0.12492948040447899
0.8,0.1,0.13,0.11504955495599942,7,0.12618808424532604,0.12980113636363638,0.12980113636363638,0.05268910746013185,0.12999772727272726,2.105659208000006,0.11520328842655753,0.11489582148544131,0.11493656121984525,0.11481279883879782,0.1153340333143508,0.11537769912260712,0.12618808424532604,0.126109325102646,0.12535657234139663,0.12566531107305934,0.12487776239150297,0.12560075554159048
0.6,0.4,0.13,0.11594777993746691,7,0.12585143068855448,0.1298419744318182,0.1298419744318182,0.05316755891659236,0.12999772727272726,2.1060462909999984,0.115825019895407,0.11607053997952683,0.11535527850477925,0.11538913080601093,0.11531267796127563,0.11547473222424795,0.12585143068855448,0.12534482635720803,0.12529773790506618,0.1251337756849315,0.12501159918912744,0.12478754856032909
1.2,0.2,0.13,0.11568960519746238,7,0.1263920357387141,0.12987215909090907,0.12987215909090907,0.05282077078057795,0.12999772727272726,2.0923554999999965,0.1159955519554343,0.11538365843949044,0.11546462505689577,0.11586584984061932,0.11534204157175398,0.11540707611668187,0.1263920357387141,0.1261681326984489,0.12583259641716113,0.12540846175799086,0.12545147613065324,0.12544007798217552
1.4,0.3,0.13,0.11577095418991375,7,0.12581491535567718,0.1299520596590909,0.1299520596590909,0.052266565217686786,0.12999772727272726,2.106115083999981,0.11580725613915416,0.11573465224067334,0.11599980086481566,0.11575200648907102,0.115672159738041,0.1156171661349134,0.12581491535567718,0.12539205063868614,0.1253592466339571,0.12503478167808219,0.12454941611466425,0.12568377228062155
1.2,0.3,0.13,0.11582867750777556,7,0.12621302154582764,0.1299724786931818,0.1299724786931818,0.05291685644046021,0.12999772727272726,2.1012457920000145,0.11596180081855388,0.11569555419699726,0.11587089639280837,0.11541937044626593,0.11543903046697038,0.11575247835004558,0.12621302154582764,0.1259070626140511,0.1254501725810132,0.12475385273972604,0.12475552478300594,0.12501696040904936
1.8,0.1,0.13,0.11542808076097333,8,0.1256771783759124,0.13009232954545455,0.13009232954545455,0.053209154083666166,0.12999772727272726,2.100417666999988,0.1152663497612551,0.11558981176069154,0.1156068644742831,0.11527084044854283,0.11608058086560365,0.11616464647903374,0.12551477713178297,0.1256771783759124,0.1255696243153811,0.1250597531392694,0.12527124257651898,0.1251945983775137
0.8,0.4,0.13,0.11556839928203003,7,0.1258042279411765,0.13011097301136362,0.13011097301136362,0.051876112944139685,0.12999772727272726,2.125158374999998,0.11561363119599818,0.11552316736806187,0.1154672920459718,0.11567907559198543,0.11569262528473805,0.11587087653828623,0.1258042279411765,0.12546511462135038,0.12531289222957553,0.1253335473744292,0.12524269072635907,0.12477505141681901
1.8,0.4,0.14,0.10915515472622854,7,0.1266797053123575,0.13851828835227276,0.13851828835227276,0.050818657793252814,0.13999093911460544,2.0491140409999957,0.10901794849931787,0.10929236095313921,0.10933055018206644,0.10889205515710383,0.10941504128701596,0.1096447342183227,0.1266797053123575,0.1261066520301095,0.12579515632131447,0.12573041523972603,0.1256022655893102,0.1254034792047532
1.4,0.2,0.14,0.10483490414237476,7,0.1291903571021432,0.13902077414772726,0.13902077414772726,0.04924063859929585,0.139991202445101,2.0525580829999797,0.10474576512050932,0.10492404316424021,0.10514071034365041,0.10515657018442623,0.10488770643507973,0.10523551447128532,0.1291903571021432,0.12767218151231752,0.12666608426517573,0.1264750998858447,0.12631249286203747,0.12500535591864714
0.6,0.4,0.14,0.107949130440371,7,0.12755072959416325,0.139033203125,0.139033203125,0.05050742702180881,0.13998679746608844,2.0461425420000054,0.10796633412914962,0.10793192675159236,0.10787970812471553,0.10834507342896177,0.10879128701594533,0.10809309480401094,0.12755072959416325,0.12652721544251824,0.12626404895025103,0.1256126926369863,0.12581015874828688,0.12515978490630714
1.2,0.1,0.14,0.10196930981855534,7,0.13069282945736432,0.13903941761363636,0.13903941761363636,0.04728058776251587,0.13999126475011114,2.0495219169999928,0.10228903763074125,0.10164958200636942,0.10236970869367319,0.10245101178278689,0.10197448035307517,0.10260938924339107,0.13069282945736432,0.1291815764712591,0.12781870435874032,0.1267373002283105,0.12592793513019643,0.12568020166819013
1.4,0.4,0.14,0.10793491074745334,7,0.12690592225262196,0.13905184659090908,0.13905184659090908,0.04928888137702419,0.1399904613335212,2.038215667000003,0.10797610419508868,0.10789371729981802,0.10802194754210286,0.10795373690801457,0.10787033741457859,0.10766579307201458,0.12690592225262196,0.12671254847171531,0.126106265689183,0.12569028253424658,0.1256031578346277,0.12551149023080438
0.8,0.1,0.14,0.10343517773234565,7,0.12931148113315094,0.13906427556818182,0.13906427556818182,0.04935570753802955,0.13999015644510904,2.048405083000006,0.10364618860845838,0.10322416685623292,0.10375032003868911,0.10383580942622951,0.10393472380410021,0.10379960260938924,0.12931148113315094,0.12810343721487227,0.12715993695801003,0.12638948344748857,0.12601626741662864,0.12582213351234003
1.2,0.3,0.14,0.10614967728734337,7,0.1280183039785682,0.1390909090909091,0.1390909090909091,0.04940973555598318,0.13999045641849497,2.0465756250000027,0.10625301983856299,0.10604633473612375,0.10639686219845243,0.10638572262067396,0.10620195045558087,0.10628062329079307,0.1280183039785682,0.12710459911040145,0.12637458637608395,0.12563409674657536,0.12576465423709457,0.12545703839122488
0.8,0.4,0.14,0.10784653747440726,7,0.12730046597127223,0.13910688920454545,0.13910688920454545,0.0504987801945988,0.1399885068595177,2.092022166999996,0.10779313750568441,0.10789993744313012,0.10729385952435139,0.10780965391621129,0.10759182801822324,0.1079373077142206,0.12730046597127223,0.1267339330520073,0.12625780893427657,0.1255368864155251,0.1258342493718593,0.12528564899451552
0.6,0.2,0.14,0.1062291424164724,7,0.12818039643182855,0.13914151278409093,0.13914151278409093,0.04969270764550686,0.1399880994484792,2.0580179160000007,0.1065336871873579,0.1059245976455869,0.1062999615953573,0.10653869962431695,0.10654007687927107,0.10661801361668187,0.12818039643182855,0.12682125342153283,0.12693707924463715,0.12562161101598177,0.12610906092964824,0.12518388654021936
1.0,0.1,0.14,0.10265791702103663,7,0.13036953516871866,0.13921431107954546,0.13921431107954546,0.04933649221705191,0.13999076085367093,2.049921917000006,0.10251552552296499,0.10280030851910828,0.10318580735093308,0.10310294285063752,0.10224053246013667,0.1028390639243391,0.13036953516871866,0.12911385863366787,0.12747639491099955,0.12671322060502282,0.12556836026724533,0.1252865416476234
1.2,0.4,0.14,0.10741432439336983,7,0.1274607771887825,0.13924538352272728,0.13924538352272728,0.05006795720538538,0.13999014462293738,2.050048624999988,0.10741121674624829,0.10741743204049137,0.1073605342512517,0.10810582451047357,0.10784720244874715,0.10755095573154057,0.1274607771887825,0.1262706004790146,0.12711893113874945,0.12611390553652968,0.12607337111694836,0.125064271023766
1.0,0.2,0.14,0.10519066417433569,7,0.12843244129046968,0.13926136363636363,0.13926136363636363,0.049040177020011094,0.13999036858994027,2.0363496249999997,0.10527778962028193,0.10510353872838944,0.10523227696859352,0.10476078665755918,0.10449174259681093,0.10466221798085688,0.12843244129046968,0.12794127081432483,0.1271207140004564,0.12668289811643835,0.12564777010050251,0.12526422531992687
1.4,0.1,0.14,0.10221145474857823,7,0.13079970360237117,0.13927911931818182,0.13927911931818182,0.04758469823533588,0.13999168352387348,2.0444311249999885,0.10227305025011368,0.10214985924704277,0.10186831474738281,0.10208813609972678,0.1017395714692483,0.10185092866909753,0.13079970360237117,0.12905416001368614,0.12761189240073026,0.12673997574200913,0.12619025525354044,0.1252410163391225
1.0,0.4,0.14,0.10746223178118125,7,0.12753647970816234,0.1392879971590909,0.1392879971590909,0.05004718312524693,0.1399897622312324,2.0521655409999937,0.10774783992723966,0.10717662363512284,0.1072600776627219,0.10705988871812386,0.10765500427107062,0.10728478236098452,0.12753647970816234,0.12748952155565693,0.1266446899246919,0.12563409674657536,0.12581015874828688,0.1252160220521024
0.6,0.3,0.14,0.10735698213151679,7,0.1273841840515276,0.13932084517045454,0.13932084517045454,0.049819288629597495,0.13998741915896057,2.036012833000001,0.10753467485220554,0.10717928941082802,0.10732319640418753,0.10770648337887068,0.10694404897494304,0.10760792929580676,0.1273841840515276,0.1270475735629562,0.1265698097329986,0.12618079337899543,0.12535065240977616,0.12531510654707495
0.6,0.1,0.14,0.10526132824315565,8,0.12801433479698907,0.13943803267045454,0.13943803267045454,0.048686819311746066,0.13998899035701276,2.0456145,0.10518541808776716,0.10533723839854413,0.10498602497724169,0.10547141820355191,0.105266763952164,0.10495865855742936,0.12792657033743732,0.12801433479698907,0.1267329415791876,0.12608269121004564,0.12573788687756965,0.1250392767367459
0.8,0.3,0.14,0.10644109320380085,8,0.12764188669023724,0.13951615767045455,0.13951615767045455,0.05049074620263648,0.13998929026425333,2.052802834000005,0.10643865109140518,0.10644353531619653,0.10638352725307237,0.10676016051912567,0.10679634111617312,0.10708003361440291,0.1275721044231646,0.12764188669023724,0.12658050690324055,0.12617455051369864,0.12550501084970306,0.1260113759712066
1.8,0.3,0.14,0.10807840237806363,7,0.12793725775193798,0.13953835227272726,0.13953835227272726,0.050456425914195385,0.13999132178770707,2.05785341699999,0.1080462710322874,0.10811053372383984,0.10743343195266272,0.10819832223360655,0.10808300113895217,0.1076853777347311,0.12793725775193798,0.12664037551322993,0.12658050690324055,0.12584992151826482,0.1254898426793056,0.1257060886083181
1.4,0.3,0.14,0.10691867316456141,7,0.1276611662106703,0.1395419034090909,0.1395419034090909,0.05026456861211259,0.13999080115882315,2.0508521249999774,0.10660651858799454,0.1072308277411283,0.10653376763768777,0.1064977871698543,0.107078409738041,0.10657083238377392,0.1276611662106703,0.12744318829835768,0.12656000399361023,0.12610944634703197,0.1259609482069438,0.1250133897966179
1.0,0.3,0.14,0.10636154846912174,7,0.12794349207706338,0.1395676491477273,0.1395676491477273,0.04902186855568789,0.13999004057986594,2.0445467079999986,0.10650792974079128,0.10621516719745222,0.10679691055985435,0.10629322489754098,0.10620639948747154,0.10618982167274385,0.12794349207706338,0.12730686159899635,0.12679712460063897,0.12639929366438357,0.12573074891502972,0.1254722134940585
1.8,0.1,0.14,0.10280670484526219,7,0.13038645690834472,0.13965110085227272,0.13965110085227272,0.04829021603112095,0.13999231773804877,2.047024625000006,0.10274112522737608,0.10287228446314832,0.10252172707100592,0.1025025970514572,0.10243628986332573,0.10214736924567,0.13038645690834472,0.12904970489279197,0.12749957211319032,0.1269700699200913,0.12527927278437645,0.1253320669561243
1.2,0.2,0.14,0.10457142674332955,7,0.12909773284313725,0.1397185724431818,0.1397185724431818,0.049153942347304344,0.1399908242596663,2.0338637499999948,0.10478928632332879,0.1043535671633303,0.10435572655894401,0.10497246413934425,0.10411535449886104,0.10462393886736554,0.12909773284313725,0.12849459682937955,0.12694688498402557,0.12596229309360732,0.1258021285404294,0.12491430530164534
1.8,0.2,0.14,0.1061665698275252,7,0.1280423506611947,0.13981711647727274,0.13981711647727274,0.04842921934083629,0.13999177431318569,2.038407458999984,0.10621216319918145,0.10612097645586897,0.10530250768092853,0.10594724783697632,0.10640660592255126,0.10588982024840475,0.1280423506611947,0.12750912408759124,0.12643163795070744,0.1264001855022831,0.125912766959799,0.12538473348948811
0.8,0.2,0.14,0.10535997366283106,7,0.1281064751481988,0.13982865767045455,0.13982865767045455,0.04898793570105249,0.13998982114433609,2.0810018339999985,0.10513390319463392,0.1055860441310282,0.10567233016613564,0.10563862562613845,0.10517956292710706,0.10525153828623517,0.1281064751481988,0.12758931626368616,0.12670085006846188,0.12632616295662102,0.12582175793741435,0.12464115345063986
0.8,0.2,0.15,0.0998585027914862,7,0.1297843992248062,0.1480584161931818,0.1480584161931818,0.04692219630971956,0.14997637551723442,2.0589353750000043,0.10014672862664847,0.09957027695632394,0.0997560593991807,0.10043207109517303,0.10033011816628701,0.10019869530537832,0.1297843992248062,0.12916019189096714,0.12806652213601094,0.12693350456621005,0.12614028951576062,0.1254864959437843
1.4,0.4,0.15,0.1024779951429009,7,0.12908170172138622,0.14814275568181817,0.14814275568181817,0.047113649814461214,0.14997860738163787,2.040508665999994,0.10243647680763983,0.10251951347816197,0.10215812756030951,0.10228202555783242,0.10242828160592256,0.10208327398587057,0.12908170172138622,0.12848657761177007,0.12747372061843906,0.12714130279680363,0.1263365834856099,0.12510890367915906
0.8,0.3,0.15,0.10108364271363626,7,0.12915295115139078,0.14817737926136365,0.14817737926136365,0.048187354590133014,0.1499744417307587,2.0437479579999973,0.10115038085493405,0.10101690457233847,0.1011802315657715,0.1008785504895264,0.1005071896355353,0.10079958836599817,0.12915295115139078,0.12868349395529197,0.1281690366841625,0.1269736372716895,0.1264026096391046,0.1256578853404936
1.4,0.3,0.15,0.10092244854626979,7,0.12903717082763339,0.1482137784090909,0.1482137784090909,0.04718693253193661,0.14997973448974122,2.041433084000005,0.10077556559799909,0.10106933149454049,0.10111177884615385,0.1014282004212204,0.10090226366742598,0.10090285295123061,0.12903717082763339,0.12860241075501824,0.1276600296668188,0.12705657819634703,0.12605106498401095,0.12551684614945155
1.8,0.2,0.15,0.10034363295478785,7,0.12973630585955312,0.14822443181818182,0.14822443181818182,0.046874429955555255,0.14998268340409476,2.0435199169999976,0.10032703075261482,0.10036023515696088,0.10027167728720984,0.10066153660063752,0.10074565774487472,0.10026457098906108,0.12973630585955312,0.12827273180885035,0.1281966710406207,0.12739547659817352,0.126689020386021,0.12533295960923216
0.6,0.1,0.15,0.09980034608807886,7,0.13037042578659372,0.14824396306818183,0.14824396306818183,0.0465327966678353,0.14997383288824498,2.037539541,0.09994422180536608,0.09965647037079164,0.09969294065771507,0.10045786372950821,0.09945543849658314,0.09982480628988151,0.13037042578659372,0.12916197393932483,0.12854076335006848,0.1265892551369863,0.1261188756281407,0.12546417961608777
1.2,0.2,0.15,0.09936638168493953,7,0.1300907717738258,0.14825550426136364,0.14825550426136364,0.04675401104627715,0.14997988138224677,2.0328705830000047,0.09944861300591179,0.09928415036396725,0.09931778419435594,0.09928385416666666,0.09947768365603643,0.09966278771649956,0.1300907717738258,0.12968144103558393,0.12809772221588317,0.12691834332191781,0.12607872458885333,0.12519102776508226
0.8,0.4,0.15,0.10150960170787832,7,0.12894009347925217,0.14825727982954545,0.14825727982954545,0.04758572763545617,0.14997278162672417,2.055759791,0.10168151716689404,0.1013376862488626,0.10222213529813381,0.10191114526411657,0.10158385535307517,0.10216873433226983,0.12894009347925217,0.12829500741332117,0.12743984624600638,0.1269263698630137,0.12676307674737322,0.12455188813985374
1.8,0.3,0.15,0.1017353121326992,7,0.12946912049703604,0.14827325994318183,0.14827325994318183,0.04878620457197146,0.14998148995460495,2.0552316659999974,0.10164598965438837,0.10182463461101002,0.10204433602639963,0.10226245873178506,0.10213909453302962,0.10248297914767548,0.12946912049703604,0.1283324304288321,0.12740151471930625,0.12660709189497718,0.126564998286889,0.12494644081352835
1.8,0.1,0.15,0.09713171609962817,7,0.13149794801641584,0.1482883522727273,0.1482883522727273,0.04555078940877516,0.14998322682895784,2.0453042080000046,0.09686665103456116,0.09739678116469519,0.09732020937642241,0.09712883509790529,0.09750231349658314,0.09782628048085688,0.13149794801641584,0.12953442204607662,0.12866645510041078,0.12818386130136988,0.12630624714481498,0.1253008240973492
0.6,0.2,0.15,0.10062122215496455,7,0.1294628861719106,0.14836292613636365,0.14836292613636365,0.04713396167101823,0.1499719255823272,2.063480667000002,0.10074803177580717,0.10049441253412192,0.10100154329767866,0.10067398821721311,0.10063176252847379,0.10090730401093893,0.1294628861719106,0.12845806483804745,0.12827155123231404,0.12733215610730594,0.1258842151096391,0.1258453424931444
0.6,0.3,0.15,0.10186320915727422,7,0.1293684806771546,0.1483780184659091,0.1483780184659091,0.047738718576678704,0.14997026395803684,2.043689708999999,0.10191066962255571,0.10181574869199272,0.10209589781520255,0.1016140852686703,0.10199850512528473,0.101405822698268,0.1293684806771546,0.1285124173129562,0.12773847558192605,0.12646350599315068,0.1266435158748287,0.12498928816270569
1.0,0.3,0.15,0.10079093431823485,7,0.13003377222982218,0.14839932528409092,0.14839932528409092,0.046497708807730825,0.14997721220818522,2.048920457999998,0.10078711203956345,0.10079475659690627,0.10116156264223941,0.10046142133424409,0.10059350085421412,0.10108089533956244,0.13003377222982218,0.12855607749771897,0.1275539493952533,0.12669627568493153,0.12624646670854273,0.1251767453153565
0.8,0.1,0.15,0.09815288781231366,7,0.13082553152074783,0.14842329545454544,0.14842329545454544,0.0461293948987182,0.14997766075929275,2.058219000000001,0.09803017706912232,0.098275598555505,0.0981878698224852,0.09827705202641165,0.0986893152050114,0.09853845003418414,0.13082553152074783,0.1298471715328467,0.1284213116157006,0.12724208047945204,0.1260956772498858,0.12546507226919562
1.8,0.4,0.15,0.10323798589482108,7,0.12857761200410397,0.14851296164772726,0.14851296164772726,0.04835648663045419,0.1499801523341847,2.0649065830000097,0.10331400636653024,0.10316196542311191,0.10337960855712336,0.1025906477686703,0.10317927818906605,0.1027678469690064,0.12857761200410397,0.1282406549384124,0.1273221773733455,0.1265250428082192,0.12578696037003195,0.12548649594378428
1.0,0.2,0.15,0.09934684963484312,7,0.13119157546739627,0.14853870738636366,0.14853870738636366,0.047004011515181146,0.14997833598802507,2.030970291999992,0.09937400522964986,0.09931969404003639,0.09928489132908513,0.09950442566029144,0.09936645785876994,0.09906634571558796,0.13119157546739627,0.12945957601505473,0.12789982456640803,0.12731610302511415,0.12673006367062584,0.1251579996000914
1.0,0.4,0.15,0.10169267305635607,7,0.12937560562015504,0.14860529119318183,0.14860529119318183,0.04768260724593651,0.14997592710292035,2.0428524160000023,0.10158736925875399,0.10179797685395814,0.10165584461766045,0.10153403916211293,0.10178762101366742,0.10141294439380127,0.12937560562015504,0.12860419280337593,0.12728652013920586,0.12727507848173517,0.12616973361123798,0.12497411305987202
0.6,0.4,0.15,0.10230078732911621,7,0.12970691546967622,0.14863458806818183,0.14863458806818183,0.04743133289912731,0.14996791549076058,2.0508413339999976,0.10214515120509322,0.10245642345313921,0.1021065657715066,0.10218597022996358,0.10238379128701593,0.10172896963309025,0.12970691546967622,0.12839658416970803,0.1274594577247832,0.12727953767123287,0.12553891617176793,0.125096406535649
1.4,0.2,0.15,0.0996666509912428,7,0.13054676812585497,0.14868785511363636,0.14868785511363636,0.04645669228845968,0.1499810323756962,2.043572624999996,0.09977724249658936,0.09955605948589627,0.09935778903049614,0.09906684027777779,0.09892867312072892,0.09969394513445759,0.13054676812585497,0.12892496150775545,0.1281342708808763,0.12709314355022833,0.12614921196893558,0.12557129798903108
1.2,0.3,0.15,0.10073670758324052,7,0.12965169716142272,0.14874822443181818,0.14874822443181818,0.04617659786363093,0.14997864955167522,2.0548231660000056,0.10088658907457934,0.10058682609190171,0.10099976530496131,0.10038937983834244,0.101030395785877,0.10118415992479489,0.12965169716142272,0.1284625199589416,0.1277242126882702,0.12695401683789953,0.1260171596619461,0.12544186328839124
1.4,0.1,0.15,0.0968624917455914,7,0.13278489084587322,0.148857421875,0.148857421875,0.04549426301205459,0.14998258772987152,2.048282625000013,0.0967831613801728,0.09694182211101,0.09627830564406009,0.09700431893214936,0.09685631406605923,0.09637523501595259,0.13278489084587322,0.13020269018020073,0.1291273248516659,0.12789312214611873,0.12662210198720877,0.12547756941270566
1.2,0.4,0.15,0.10186902601967776,7,0.1293809493274054,0.14890003551136366,0.14890003551136366,0.04815620998692641,0.1499775333948397,2.0379602499999976,0.10173036749658936,0.10200768454276615,0.10156072200728265,0.10161497466985428,0.10184189920273348,0.10206012847538741,0.1293809493274054,0.12847855839416056,0.12750759499087175,0.126808647260274,0.12580658976701692,0.12495983061014626
1.0,0.1,0.15,0.09743011245301447,7,0.13212494300045596,0.14893821022727272,0.14893821022727272,0.045912244361425894,0.14997966034389382,2.0557730830000054,0.09761628154843112,0.09724394335759783,0.0968703772189349,0.09745346653005464,0.09752900768792709,0.09712835431859616,0.13212494300045596,0.1301046775205292,0.12851312899361023,0.1277013769977169,0.12566918398812243,0.12546328696297987
1.2,0.1,0.15,0.09662667384044404,7,0.1322380514705882,0.14912553267045453,0.14912553267045453,0.045325431472326504,0.14998127798382951,2.0492361250000073,0.09632929740791267,0.09692405027297543,0.0969166050295858,0.09691804701730419,0.09660805808656037,0.09675535551504102,0.1322380514705882,0.13008061986770073,0.12863525502053857,0.12783158533105024,0.1266399468935587,0.12485449754341864
0.6,0.4,0.16,0.0975803085277073,7,0.13150151048791608,0.157041015625,0.157041015625,0.04493568045238251,0.15944417807609562,1.9276812920000026,0.09751058719872668,0.0976500298566879,0.09689971409877104,0.0966521160632969,0.09714016230068338,0.09747464676390155,0.13150151048791608,0.13021783759124086,0.12869943804198994,0.1267783247716895,0.12683088739150297,0.12535884654936014
1.8,0.2,0.16,0.09508396858885575,7,0.1333611206110351,0.1571564275568182,0.1571564275568182,0.044794829788494195,0.15996945585413455,2.0376472089999993,0.09485845839017737,0.09530947878753412,0.09516439320664542,0.09507965477003641,0.09548067340546697,0.09518680207383774,0.1333611206110351,0.13086739421760948,0.129118410543131,0.12771832191780821,0.12691118947007765,0.1250294575525594
0.8,0.2,0.16,0.09458153270428107,7,0.13288642128362974,0.1572549715909091,0.1572549715909091,0.04513159397408627,0.15995774151908554,2.1134638750000008,0.09458223198044566,0.09458083342811648,0.09446830905780611,0.09441438268442623,0.09512919988610477,0.09418264300364632,0.13288642128362974,0.13136013058850365,0.12971745207667731,0.12794038955479453,0.12691743518730014,0.12480986488802559
1.8,0.1,0.16,0.09192481607028549,7,0.13437108128134975,0.15730823863636362,0.15730823863636362,0.04452461104267625,0.15997124966276324,2.0381320829999936,0.09186793002501135,0.09198170211555962,0.0928512246813837,0.09235986594945354,0.0921492383257403,0.09237907360984504,0.13437108128134975,0.13178693117016424,0.13044485965312644,0.1287296660958904,0.12702272013476473,0.12539098206124313
0.8,0.3,0.16,0.0957701795430527,7,0.13223359838121293,0.15742009943181817,0.15742009943181817,0.04587493409623876,0.1599542176811441,2.0370725840000006,0.09585322874033651,0.09568713034576888,0.09532441255120619,0.09553591757741348,0.09544508115034168,0.09547256010711029,0.13223359838121293,0.13080858662180656,0.12937603405979003,0.1278699343607306,0.1264088553563271,0.12537580695840952
0.6,0.4,0.18,0.09719734905727373,7,0.131749992875057,0.15742986505681816,0.15742986505681816,0.045996108089159105,0.15947780470750672,1.9068437090000003,0.09740666922464757,0.0969880288898999,0.09667657601274465,0.09677307462431695,0.09670059794988611,0.09722182657247037,0.131749992875057,0.13071324703467155,0.12874400958466453,0.1277138627283105,0.12611441440155322,0.12518299388711154
0.6,0.3,0.16,0.09595898249113669,7,0.13199135031919743,0.15759144176136364,0.15759144176136364,0.046084599283648775,0.1599455621614827,2.0420416249999995,0.09595359396316507,0.09596437101910829,0.09597871387118799,0.0963897427140255,0.09650306093394079,0.09613220715587967,0.13199135031919743,0.13025882470346717,0.1294455656663624,0.12761576055936072,0.12664976159205116,0.12572751228290674
1.4,0.2,0.16,0.09410088570735219,7,0.13257737688098495,0.15760031960227272,0.15760031960227272,0.04559158244142199,0.15996741437563317,2.048883915999994,0.09422518047976353,0.09397659093494085,0.09420072115384615,0.09453089423952642,0.09438710136674261,0.09409896308113036,0.13257737688098495,0.1312229128649635,0.12985294956640803,0.12819367151826486,0.126561429305619,0.12479201182586838
1.2,0.3,0.16,0.09570043154419237,7,0.1321267242362061,0.15765625,0.15765625,0.04489433516414115,0.15996252451942833,2.0487303329999804,0.09582480673033197,0.09557605635805277,0.09519639707555758,0.09546921248861567,0.09484713126423688,0.09552330218778488,0.1321267242362061,0.13123449617928834,0.12937692549064356,0.12801084474885846,0.1262518201804477,0.1255436257426874
1.0,0.3,0.16,0.09482809170144291,7,0.1325283928978568,0.15769531250000002,0.15769531250000002,0.0451436353851318,0.15995973332761212,2.044762958000007,0.09469325545702593,0.09496292794585987,0.09595382197314518,0.0953829405737705,0.09528402619589976,0.09520905737237922,0.1325283928978568,0.13038624116104014,0.128799278297581,0.12843714326484018,0.12631160061671998,0.12492323183272397
0.6,0.2,0.16,0.09538108418188163,7,0.13202608441632468,0.1576962002840909,0.1576962002840909,0.04441497388960214,0.159950061458853,2.061061833,0.09537893644838563,0.09538323191537762,0.09564000625853437,0.0953491433287796,0.0956230424259681,0.09537107594576116,0.13202608441632468,0.1308451186131387,0.1297932236992241,0.1286984517694064,0.1268005510507081,0.12517496000914077
1.8,0.3,0.16,0.09650708710998226,7,0.1314391672366621,0.15775923295454544,0.15775923295454544,0.04559661111954297,0.15996778046319107,2.0380443340000056,0.09664193951796271,0.09637223470200182,0.09688371216431496,0.09633726804417121,0.0967530965261959,0.09675446530309938,0.1314391672366621,0.13099748374771897,0.12895617012779553,0.12817405108447488,0.1264802349817268,0.1253115359346435
1.8,0.4,0.16,0.09727378856936583,7,0.13110963862289102,0.1577903053977273,0.1577903053977273,0.04498467995102516,0.1599658574599199,2.041282209000002,0.09731607406775807,0.09723150307097361,0.09763135810195722,0.0975984389230419,0.09786713411161732,0.09759482537602551,0.13110963862289102,0.1306571125114051,0.12824480830670926,0.12728756421232876,0.12658462768387393,0.1251553216407678
1.0,0.2,0.16,0.09381845006471373,7,0.13332727713178294,0.15783025568181816,0.15783025568181816,0.044343939425747984,0.15996202815652505,2.0480789159999944,0.09362476551841745,0.09401213461101,0.09423005803368228,0.09476391734972679,0.0948195472665148,0.09396810192570648,0.13332727713178294,0.13146259836906934,0.1296229604062072,0.12784228738584474,0.12683624086340795,0.12520709552102377
1.2,0.4,0.16,0.09622056612667693,7,0.13180253932968536,0.15786044034090907,0.15786044034090907,0.04459390545683631,0.15996046082523896,2.035810292000008,0.0964225571282401,0.09601857512511375,0.09611917529585798,0.09647423582650272,0.0964203089407745,0.09636366226071104,0.13180253932968536,0.1304486128535584,0.12948033146964855,0.12726080907534248,0.1262580658976702,0.12510444041361973
1.0,0.1,0.16,0.09251642653656525,7,0.13401483413132692,0.15791903409090907,0.15791903409090907,0.04417557524868749,0.15996480711962038,2.053373915999998,0.09271082025920874,0.09232203281392175,0.09197556326809286,0.09235808714708561,0.09226046412300683,0.09242892547857794,0.13401483413132692,0.13208096914917883,0.1303521508443633,0.12804027539954338,0.12648915743490177,0.1257980318784278
1.0,0.4,0.16,0.09670216980451865,7,0.13198867846557227,0.15794921875,0.15794921875,0.04506492978837834,0.15995684003841298,2.052867667000001,0.09648028933606184,0.09692405027297545,0.09615473515020483,0.0962429915186703,0.09602968394077449,0.0963253831472197,0.13198867846557227,0.13023031192974452,0.12900787311729803,0.12750428082191784,0.12652841622887162,0.12535616859003654
0.8,0.1,0.16,0.09313835338248816,7,0.13322307484040127,0.1580974786931818,0.1580974786931818,0.04421707586292617,0.15996060381304006,2.066678207999999,0.09309540558208276,0.09318130118289356,0.09327171995903505,0.09294064492258652,0.0935755979498861,0.09385593522105744,0.13322307484040127,0.13156506614963503,0.13023804769511638,0.1282132919520548,0.12659622687300137,0.12491519795475321
0.8,0.4,0.16,0.0964048834838536,7,0.13216502080483356,0.15810990767045452,0.15810990767045452,0.046079097265740165,0.1599513289417339,2.073524207999995,0.09671032997953616,0.09609943698817106,0.09613251024123805,0.09608556750910746,0.09669258969248293,0.09595950603919781,0.13216502080483356,0.13036307453239052,0.12905244465997265,0.12767551369863014,0.12664976159205119,0.12537937757084094
1.4,0.1,0.16,0.09174534515557056,7,0.13400058424532602,0.158134765625,0.158134765625,0.0438887348856012,0.15996911342623385,2.059251125000003,0.09175957111186905,0.09173111919927206,0.09157640390304961,0.09216241888661203,0.09147743451025056,0.09176482737010028,0.13400058424532602,0.13313415972855838,0.12995189839114557,0.12912920947488585,0.12701468992690726,0.12569359146480802
1.4,0.4,0.16,0.09644664083780949,7,0.13203499059507526,0.15814186789772727,0.15814186789772727,0.045824940302098674,0.15996268701257965,2.038810041000005,0.0967387519895407,0.09615452968607827,0.09643921398497952,0.09661654001593806,0.09690169419134397,0.09637345459206927,0.13203499059507526,0.13088877879790145,0.12884919842537657,0.12737318065068493,0.1263321222590224,0.1253847334894881
0.6,0.1,0.16,0.09393389649839286,7,0.13323999658002736,0.15815696022727274,0.15815696022727274,0.04546723333309023,0.15995347506372848,2.0452107919999998,0.09393474306502958,0.09393304993175614,0.09430473372781063,0.09499071465163934,0.09461489179954441,0.09427077398587054,0.13323999658002736,0.1314447778854927,0.12997329273162941,0.12804384275114156,0.12634461369346733,0.12491251999542963
1.2,0.1,0.16,0.09187278757992301,7,0.13488229594163245,0.15826970880681818,0.15826970880681818,0.04441524863449945,0.15996769337543917,2.036537624999994,0.09206954865848113,0.09167602650136487,0.09207157487482932,0.09181733122723133,0.09182267938496583,0.09193307742707385,0.13488229594163245,0.13236431483804745,0.13039137380191695,0.1284371432648402,0.12711105242119689,0.12592211066042047
1.2,0.2,0.16,0.0941115667921373,7,0.13346799475604196,0.1582892400568182,0.1582892400568182,0.04387436904125827,0.15996535978238696,2.0536421250000103,0.09414613176443837,0.09407700181983622,0.09382200870505233,0.094176912568306,0.09356847949886103,0.09457789710574292,0.13346799475604196,0.13169871977645986,0.12931630819260612,0.12785031392694066,0.12660871830744633,0.12488216978976234
1.4,0.3,0.16,0.09546810698919984,7,0.13177225832193343,0.1583185369318182,0.1583185369318182,0.04461422986778024,0.15996498576618284,2.043125874999987,0.09563917547748976,0.09529703850090993,0.09542842512517069,0.09581252134562841,0.09574049686788154,0.09561588422971741,0.13177225832193343,0.13046643333713503,0.12935463971930625,0.1275060644977169,0.12615367319552304,0.12557754656078612
0.6,0.3,0.18,0.09447492713368606,7,0.1329906235750114,0.16082120028409091,0.16082120028409091,0.04463093590206055,0.16306712013551242,1.9016594579999975,0.09447032031605274,0.09447953395131939,0.09492436418980428,0.09445529513888888,0.09409969390660593,0.09448709548769371,0.1329906235750114,0.13106341953695255,0.12934394254906437,0.12820437357305936,0.12685854699634538,0.12468667875914077
0.6,0.2,0.18,0.09187683958324024,7,0.1350613101345189,0.16481178977272729,0.16481178977272729,0.04417321053610206,0.16747605495376666,1.9134968749999999,0.09183506707594362,0.09191861209053685,0.09212135867091488,0.09164923440346083,0.09176573177676536,0.09147817912488607,0.1350613101345189,0.13234293025775548,0.1307960834094021,0.12843535958904112,0.12697632337825493,0.12504820326782448
0.8,0.4,0.18,0.09176803859663701,7,0.13493662363201095,0.16564808238636364,0.16564808238636364,0.04419326928893251,0.1687655287345684,1.913492957999992,0.09160857918371987,0.09192749800955415,0.09173197826581703,0.09165634961293262,0.09200864891799546,0.09182625199407475,0.13493662363201095,0.13312703153512775,0.13015603605659515,0.12874215182648402,0.12631160061671998,0.1248946669332724
0.6,0.1,0.18,0.08796529439984765,7,0.1378578502621979,0.16970170454545455,0.16970170454545455,0.04210055013870301,0.1730967212178381,1.9136971249999988,0.08776894326966803,0.0881616455300273,0.08816710286754666,0.08786750056921676,0.08822074316628702,0.088360656905196,0.1378578502621979,0.1343138757413321,0.1320119950935646,0.12843892694063927,0.12720206144358157,0.12479647509140768
0.8,0.3,0.18,0.08879059160543135,7,0.13750071249430001,0.17046431107954546,0.17046431107954546,0.043059709327655675,0.17370032982328393,1.9008443339999985,0.0886686775238745,0.08891250568698818,0.08908454710969504,0.08862527037795993,0.08858200455580867,0.0887843977894257,0.13750071249430001,0.13410715813184307,0.13150833666134185,0.12927368721461188,0.12738854071493833,0.12493929958866545
1.0,0.4,0.18,0.08759124812444476,7,0.1381749102257182,0.17359996448863635,0.17359996448863635,0.042898156937065765,0.1770447961409894,1.9111300839999927,0.08754511994088222,0.08763737630800729,0.08784439718934911,0.0880613900273224,0.08803922266514806,0.08766807201458524,0.1381749102257182,0.13442792683622262,0.13242383614787767,0.1296999857305936,0.1271333585541343,0.12483307386882997
1.8,0.3,0.18,0.0864345497811376,7,0.13976555375057,0.17576171875000002,0.17576171875000002,0.04168642799218487,0.17993142409273233,2.0352041249999786,0.08645353711914508,0.0864155624431301,0.08648601075329995,0.08716309483151183,0.08662176110478359,0.08604699606882406,0.13976555375057,0.13640867358576642,0.13226694431766317,0.12983286957762558,0.1270352115692097,0.12487413591179158
0.8,0.2,0.18,0.08501001432162844,7,0.14025984667122662,0.17593394886363634,0.17593394886363634,0.04153867844689985,0.1795811321646267,1.9835778330000053,0.08503954212141883,0.08498048652183804,0.08564324220527993,0.08535494222449909,0.08476918422551252,0.08508645738377392,0.14025984667122662,0.13638283388458028,0.13293551745778184,0.1297365510844749,0.12770528780264961,0.12442870201096891
1.8,0.1,0.18,0.08329494588031627,7,0.14103824669402645,0.1759392755681818,0.1759392755681818,0.04054926038025009,0.17994071771169945,2.0386179159999926,0.08346478512960435,0.0831251066310282,0.08332385070550749,0.0828521672928051,0.08336506976082005,0.08307902945533273,0.14103824669402645,0.13674013458029197,0.13362905066179825,0.1307505707762557,0.1276276624600274,0.12475273508912249
1.2,0.4,0.18,0.08641820639802462,7,0.1394671967624259,0.17595969460227273,0.17595969460227273,0.04082293561877391,0.17991310810569894,2.032303583000015,0.08603342428376536,0.0868029885122839,0.08625309370732817,0.08651027436247724,0.08671163154897495,0.08659803726071104,0.1394671967624259,0.135997020415146,0.13247108198311275,0.1293682220319635,0.12753308445637276,0.12471256569926874
1.2,0.1,0.18,0.08305954640941826,7,0.14163674190606473,0.17608043323863637,0.17608043323863637,0.0407246064388571,0.17993145751132622,2.0274046659999954,0.08312460919736245,0.08299448362147407,0.083149607419208,0.08270096909153006,0.08283563496583143,0.08284846456244302,0.14163674190606473,0.1372596016765511,0.1338688455613875,0.1304874785958904,0.1275991106098675,0.12469114202468007
1.2,0.3,0.18,0.08602675560156697,7,0.13944493131554947,0.1761017400568182,0.1761017400568182,0.041477769641055845,0.1799196761343288,2.042756333,0.08614800051159618,0.08590551069153776,0.08584326638598089,0.08576050916438979,0.08519451167425968,0.08523334235414767,0.13944493131554947,0.13652272468065693,0.13314678657005935,0.1301048801369863,0.1270557332115121,0.12505623714579525
1.4,0.1,0.18,0.0828704076633032,7,0.1413187913246694,0.17612393465909093,0.17612393465909093,0.04000412603166057,0.1799354216392028,2.0434519579999915,0.08254728711914507,0.08319352820746133,0.08265977042558034,0.08242080771857924,0.08255623576309795,0.08294371724020054,0.1413187913246694,0.13720703125,0.1346176474783204,0.13036886415525112,0.12798277609639105,0.12427338037020108
1.8,0.4,0.18,0.08740823153003827,7,0.13899873176014593,0.17621448863636366,0.17621448863636366,0.0421819929632197,0.1799261380795078,2.042654083000002,0.08739856895179626,0.08741789410828026,0.08723454568730085,0.08723335752504553,0.08748665290432801,0.08746599390382863,0.13899873176014593,0.135763572080292,0.13238193889776356,0.12969285102739725,0.12714317325262675,0.1246491873286106
1.0,0.1,0.18,0.08308002645251211,7,0.1415361020861833,0.1762588778409091,0.1762588778409091,0.04056302045605306,0.17992458764206853,2.0454842919999976,0.08293808975670759,0.08322196314831665,0.08312471552116522,0.08349787255236796,0.08374056805239179,0.08351612351868733,0.1415361020861833,0.13729702469206204,0.13390895994979463,0.13041256421232877,0.12757234325034264,0.12451707466864716
0.8,0.1,0.18,0.084099832546129,7,0.1399953331623347,0.17643022017045457,0.17643022017045457,0.04083688849735269,0.1799148061673025,2.0909993750000027,0.08424550221691679,0.08395416287534122,0.08387147246244879,0.08361883111338798,0.08415254840546697,0.0837475786235187,0.1399953331623347,0.1370849609375,0.13374404524189867,0.13012628424657535,0.12751077832343535,0.12472595549588666
1.0,0.2,0.18,0.08451071558267861,7,0.14062589061787506,0.17643022017045457,0.17643022017045457,0.040735668337561995,0.1799188202097199,2.0428241249999957,0.08464429854479309,0.08437713262056415,0.08514629324078289,0.08483997893897996,0.084422159738041,0.0845060391978122,0.14062589061787506,0.13628393020072993,0.1333687528525787,0.12951626712328768,0.1273135921082686,0.12463044161334551
1.0,0.3,0.18,0.0853289937608257,7,0.140109332250342,0.17644886363636364,0.17644886363636364,0.04243150644265405,0.17991125820980358,2.0445176250000117,0.08514967741018645,0.08550831011146497,0.08588149322940374,0.08570981329690347,0.0851980708997722,0.08556895225615313,0.140109332250342,0.1359693986656022,0.13241403040848929,0.12981770833333334,0.1273510664116035,0.12451350405621572
1.2,0.2,0.18,0.08455597174199198,7,0.14053950068399454,0.17645862926136363,0.17645862926136363,0.0416283856714366,0.1799252638942784,2.033597749999984,0.08491697220327422,0.08419497128070974,0.08467690316340463,0.08449044427367941,0.08410449886104783,0.08448111326344576,0.14053950068399454,0.13671340385492703,0.13388310845504336,0.12992651255707763,0.1272707643330288,0.12431176445383912
1.4,0.3,0.18,0.08577633129024598,7,0.14019750341997264,0.17654119318181816,0.17654119318181816,0.04150640778980423,0.17992431380613833,2.041644415999997,0.08545077307867213,0.08610188950181982,0.08614374715521166,0.08596418203551913,0.08602292141230067,0.0858048584206928,0.14019750341997264,0.13616720603330293,0.13259409944089456,0.12974636130136985,0.1265061100959342,0.12444834037934185
1.4,0.4,0.18,0.08648921980186006,7,0.13986619357045144,0.1765829190340909,0.1765829190340909,0.042140624166132595,0.17991982317629365,2.0413044580000133,0.08635850102319237,0.08661993858052774,0.08649312272416931,0.08642933885473587,0.08680684083143508,0.08653661263673655,0.13986619357045144,0.13599345631843068,0.13288827162254677,0.1296687714041096,0.12684337882594793,0.12432872486288848
1.8,0.2,0.18,0.08537730099478846,7,0.1405439537733698,0.176728515625,0.176728515625,0.04170638617720203,0.17993622342742527,2.0373270839999975,0.08568170190995908,0.08507290007961783,0.08521118997496585,0.08480707109517303,0.08512421697038725,0.08549862551276208,0.1405439537733698,0.13663944884808393,0.13296493467594706,0.12942529965753424,0.12727790229556873,0.12530350205667276
1.4,0.2,0.18,0.08464935551766903,7,0.14050209473324213,0.1769105113636364,0.1769105113636364,0.04130106739308073,0.17993056653545908,2.0431742920000033,0.0845581443269668,0.08474056670837124,0.08440042529585798,0.08503208959471766,0.0843580936788155,0.08440633546034639,0.14050209473324213,0.13666172445255473,0.1329167974098585,0.1304794520547945,0.12762052449748743,0.12443852119515539
