method,method_label,condition,feedback_error_prob,feedback_delay,bit_errors,total_bits,frame_errors,total_frames,collisions,active_symbols,mean_posterior,ber,ber_ci_low,ber_ci_high,bler,bler_ci_low,bler_ci_high,bler_boot_low,bler_boot_high,stats_sufficient,collision_rate,causal_lag_counts,causal_lag_estimates,pending_feedback,elapsed_s
random,Random,exact,0.0,0,287,3975774,100,1947,498542,3987456,243.44856472689935,7.218720178762676e-05,6.430503241094147e-05,8.103544732991553e-05,0.05136106831022085,0.04240973449343524,0.06207925814050151,0.04210323574730354,0.06111967128916281,True,0.12502758651129944,"[17448, 7524, 6076, 3915, 3688, 4141, 2833, 2928, 3325, 2649, 3025, 2805]","[0.09612142, 0.11625848, 0.09946739, 0.09042634, 0.105899, 0.09925952, 0.11506805, 0.10771951, 0.11148588, 0.09229942, 0.12864191, 0.11148652]",1,29.560174459000002
random,Random,corrupt_10,0.1,0,276,4504652,100,2206,565049,4517888,275.896718082858,6.126999377532382e-05,5.4455604568391205e-05,6.893705369086574e-05,0.04533091568449683,0.03741191224000436,0.05483065928341891,0.03671804170444243,0.05395512239347229,True,0.12506928015922483,"[19994, 8603, 6987, 5227, 4246, 3785, 3227, 3432, 3994, 3101, 2900, 2890]","[0.09916603, 0.11287308, 0.11308925, 0.10876962, 0.10784892, 0.09303455, 0.1078203, 0.14062555, 0.12016257, 0.10171593, 0.10210344, 0.10649773]",1,32.916113083
random,Random,corrupt_20,0.2,0,293,4553660,100,2230,570655,4567040,278.89564246248955,6.434384648831929e-05,5.738624978672608e-05,7.214493199496012e-05,0.04484304932735426,0.037007785957058906,0.05424374759103247,0.036771300448430494,0.05336322869955157,True,0.12495073395459641,"[19855, 8337, 6664, 5572, 4723, 4274, 3005, 3755, 3590, 3159, 3500, 2696]","[0.11444237, 0.11185718, 0.10394196, 0.12243852, 0.11180851, 0.10607615, 0.1111056, 0.10782828, 0.11262987, 0.11427221, 0.11332659, 0.11106778]",1,33.237506958
random,Random,corrupt_30,0.3,0,299,4837498,100,2369,607238,4851712,296.44665907803187,6.180881108374619e-05,5.518890833868043e-05,6.922271537642284e-05,0.04221190375685943,0.03482883051175309,0.05107722868278047,0.03419164204305614,0.05065428450823132,True,0.1251595313159561,"[21706, 9583, 6774, 4701, 4459, 4404, 3135, 4460, 4246, 3393, 3293, 3285]","[0.10778589, 0.13729537, 0.11129683, 0.1255601, 0.11158725, 0.11655307, 0.11402468, 0.10556552, 0.10200454, 0.10451511, 0.12319948, 0.13528843]",1,35.36551720900002
random,Random,delay_1,0.0,1,308,4190184,100,2052,525637,4202496,256.80319424047883,7.350512531191947e-05,6.57419640953971e-05,8.21849266009625e-05,0.04873294346978557,0.04023091159790343,0.05892141259815828,0.03996101364522417,0.05847953216374269,True,0.12507733499329923,"[18594, 8572, 6754, 4473, 4643, 3574, 3259, 3111, 3199, 2777, 2486, 2170]","[0.10115044, 0.10679466, 0.10354231, 0.10982071, 0.11202754, 0.11042073, 0.0978258, 0.11567152, 0.097117, 0.10247743, 0.12395825, 0.10173731]",2,30.462791416000016
random,Random,delay_2,0.0,2,281,4294326,100,2103,538271,4306944,262.9629605767867,6.543518121353619e-05,5.821879842089088e-05,7.35459890339248e-05,0.0475511174512601,0.039251441595512054,0.05750071693415458,0.038991916310033285,0.056585829766999524,True,0.12497747823050404,"[19223, 8601, 7090, 4755, 4041, 3617, 3036, 3527, 3338, 2733, 2632, 2600]","[0.10470528, 0.11236482, 0.11417521, 0.11304479, 0.10569734, 0.11344052, 0.11248957, 0.09680746, 0.08742343, 0.11972675, 0.10102739, 0.11368033]",3,31.077634625
random,Random,delay_4,0.0,4,301,4498526,100,2203,564047,4511744,275.386787273015,6.691080589508653e-05,5.976698327304581e-05,7.490845074035325e-05,0.04539264639128461,0.037463049489129714,0.054904917410324876,0.03676804357694054,0.05537902859736723,True,0.12501750985871538,"[19198, 9947, 7764, 4795, 4405, 4263, 3095, 3213, 3074, 3104, 2918, 2517]","[0.12438033, 0.11704535, 0.08775618, 0.11324499, 0.13483694, 0.09778698, 0.08918399, 0.10941202, 0.10474083, 0.11010829, 0.11259899, 0.11388866]",5,32.54521187499998
mcsh_l2,MCSH $L_h=2$,exact,0.0,0,492,2042000,125,1000,302263,2048000,141.64153325845257,0.00024094025465230167,0.00022057228266441262,0.00026318854029024633,0.125,0.1059262306352052,0.14694383822896098,0.104975,0.145,True,0.14758935546875,"[1378, 1270, 25167, 974, 270, 363, 261, 239, 293, 363, 199, 223]","[0.0, 0.0, 0.17069362, 0.11907193, 0.11472444, 0.12584597, 0.12746474, 0.11909139, 0.10822812, 0.11546026, 0.11430976, 0.12053152]",1,14.778260667000012
mcsh_l2,MCSH $L_h=2$,corrupt_10,0.1,0,468,2042000,125,1000,301995,2048000,141.56180645982366,0.00022918707149853086,0.0002093441692258351,0.00025091033164193274,0.125,0.1059262306352052,0.14694383822896098,0.105,0.145,True,0.14745849609375,"[1895, 753, 25182, 884, 279, 321, 323, 242, 321, 401, 199, 200]","[0.00520097, 0.00017243, 0.1542981, 0.11782002, 0.11688007, 0.12876164, 0.12338546, 0.11853935, 0.10865773, 0.11628165, 0.11421687, 0.11697804]",1,14.763488082999999
mcsh_l2,MCSH $L_h=2$,corrupt_20,0.2,0,446,2042000,120,1000,301257,2048000,141.2457808562653,0.00021841332027424095,0.00019906367530993636,0.0002396433636448479,0.12,0.10129926060130962,0.14160907584771212,0.09997500000000001,0.141,True,0.14709814453125,"[1938, 710, 24808, 1087, 303, 339, 332, 302, 333, 366, 218, 264]","[0.0276062, 0.02288017, 0.1635826, 0.11993552, 0.11801687, 0.12448421, 0.11546791, 0.11453826, 0.1113542, 0.11109154, 0.11527859, 0.11923194]",1,14.761463416999987
mcsh_l2,MCSH $L_h=2$,corrupt_30,0.3,0,450,2042000,118,1000,300085,2048000,140.9048390190673,0.00022037218413320275,0.0002009319673230293,0.0002416927919795702,0.118,0.09945155840122374,0.13947208508174022,0.098,0.138,True,0.14652587890625,"[1799, 851, 24179, 1395, 315, 368, 412, 307, 350, 482, 227, 315]","[0.00037038, 0.01128726, 0.16180615, 0.11700094, 0.11506172, 0.11964433, 0.12019301, 0.11466982, 0.11717681, 0.10611551, 0.11967856, 0.12263757]",1,14.711370583000019
mcsh_l2,MCSH $L_h=2$,delay_1,0.0,1,472,2042000,125,1000,302818,2048000,141.80301635244572,0.00023114593535749264,0.0002112146033448393,0.00025295761787074366,0.125,0.1059262306352052,0.14694383822896098,0.105,0.145,True,0.1478603515625,"[1379, 1271, 25501, 786, 273, 333, 277, 198, 284, 323, 188, 187]","[0.0, 0.0, 0.17821078, 0.11713645, 0.11452408, 0.13209295, 0.12842551, 0.11926843, 0.10793787, 0.11486339, 0.11414591, 0.12374528]",2,14.74776887500002
mcsh_l2,MCSH $L_h=2$,delay_2,0.0,2,465,2042000,127,1000,302737,2048000,141.81578936160548,0.0002277179236043095,0.00020794159155642695,0.00024937461905047946,0.127,0.10778000925843896,0.149074752571785,0.107,0.147,True,0.14782080078125,"[1380, 1272, 25429, 812, 277, 341, 269, 216, 293, 320, 198, 193]","[0.0, 0.0, 0.17588846, 0.11857383, 0.11640215, 0.13229174, 0.12148296, 0.1192685, 0.10821515, 0.11751162, 0.11431099, 0.1257609]",3,14.808478792000017
mcsh_l2,MCSH $L_h=2$,delay_4,0.0,4,477,2042000,126,1000,303060,2048000,141.91794441747732,0.0002335945151811949,0.00021355317053708704,0.00025551620111326494,0.126,0.10685291068700963,0.14800950466018548,0.106,0.146,True,0.147978515625,"[1381, 1274, 25647, 687, 264, 296, 278, 230, 262, 325, 181, 175]","[0.0, 0.0, 0.18844816, 0.11963093, 0.11388558, 0.13229428, 0.12871187, 0.1192684, 0.10863413, 0.11872235, 0.11431099, 0.12425955]",5,14.748419082999987
pash_c15,PASH-cap $p_{\max}=0.15$,exact,0.0,0,299,4539366,100,2223,536561,4552704,266.24406093340184,6.586822917561616e-05,5.881356305425148e-05,7.376903757986642e-05,0.0449842555105713,0.037124751353666,0.054413628270649814,0.03688708951866847,0.053531264057579846,True,0.11785545469242015,"[3641, 2669, 3940, 3314, 2770, 1634, 20462, 10677, 6501, 5367, 4702, 3236]","[0.050393, 0.05399034, 0.07538575, 0.06848847, 0.10689672, 0.10739427, 0.15344192, 0.10856339, 0.11676232, 0.111543, 0.10321147, 0.10912155]",1,34.302625166999974
pash_c15,PASH-cap $p_{\max}=0.15$,corrupt_10,0.1,0,305,5268360,100,2580,622430,5283840,308.7752596394764,5.789277877745636e-05,5.175014108235859e-05,6.476448799282691e-05,0.03875968992248062,0.03197136063571058,0.0469194931838308,0.031395348837209305,0.046511627906976744,True,0.11779879784399225,"[4491, 3271, 4407, 3974, 3147, 1808, 24588, 10793, 7309, 6285, 5635, 4272]","[0.05940744, 0.07952459, 0.10255302, 0.08912931, 0.08857818, 0.08610797, 0.12359162, 0.10182086, 0.10161841, 0.12985697, 0.10028522, 0.10733526]",1,39.81987033399997
pash_c15,PASH-cap $p_{\max}=0.15$,corrupt_20,0.2,0,342,5113168,100,2504,602365,5128192,299.0769649597619,6.688612617461425e-05,6.016324226982581e-05,7.43601964387094e-05,0.039936102236421724,0.03294491795788316,0.04833671892698987,0.032348242811501594,0.04752396166134185,True,0.1174614757013778,"[4567, 3231, 4419, 3896, 3097, 1938, 21282, 12001, 7097, 6583, 5643, 3870]","[0.09271504, 0.07960062, 0.08950618, 0.07978431, 0.10926475, 0.09325922, 0.10097148, 0.10084673, 0.09835836, 0.11067304, 0.15120826, 0.09583867]",1,38.66687620900001
pash_c15,PASH-cap $p_{\max}=0.15$,corrupt_30,0.3,0,327,5145840,100,2520,603042,5160960,299.73449770591935,6.354647637703465e-05,5.7022239735627106e-05,7.081713493031674e-05,0.03968253968253968,0.03273506248001339,0.048031286019524354,0.03214285714285714,0.04801587301587302,True,0.11684686569940476,"[5023, 3582, 4328, 3846, 3220, 1887, 19978, 11229, 7851, 7069, 5211, 4896]","[0.07902485, 0.07009176, 0.08738568, 0.0984777, 0.11048983, 0.09055668, 0.11582614, 0.12211026, 0.10858424, 0.12050833, 0.10773957, 0.10913335]",1,40.50448241700002
pash_c15,PASH-cap $p_{\max}=0.15$,delay_1,0.0,1,326,4994732,100,2446,590690,5009408,293.1945405877334,6.526876717309357e-05,5.8557996697850455e-05,7.274853875030674e-05,0.04088307440719542,0.03372873673251534,0.04947724302048436,0.033524121013900246,0.04905968928863451,True,0.11791612901165167,"[4064, 2925, 4058, 3958, 2699, 1911, 23957, 11647, 6562, 5516, 4742, 3787]","[0.06735302, 0.0652042, 0.06632865, 0.10073286, 0.08739977, 0.11257269, 0.10705595, 0.11363958, 0.11053674, 0.14393096, 0.10928659, 0.11372207]",2,39.022427666
pash_c15,PASH-cap $p_{\max}=0.15$,delay_2,0.0,2,302,5268360,100,2580,623500,5283840,309.3052078635498,5.7323341609153515e-05,5.121268311400459e-05,6.41630724549922e-05,0.03875968992248062,0.03197136063571058,0.0469194931838308,0.03178294573643411,0.04689922480620155,True,0.11800130208333333,"[4402, 3148, 4162, 4055, 2784, 1957, 25720, 12617, 6231, 6260, 4956, 3688]","[0.05295552, 0.07843653, 0.10332586, 0.08148694, 0.10288202, 0.08750293, 0.13341476, 0.10345431, 0.10939508, 0.11281901, 0.09940902, 0.10334942]",3,40.395241624999926
pash_c15,PASH-cap $p_{\max}=0.15$,delay_4,0.0,4,316,4369880,100,2140,517103,4382720,256.59349289917094,7.231319853176747e-05,6.476785482907035e-05,8.073749082524977e-05,0.04672897196261682,0.03857018047952937,0.05651215780719501,0.03830607476635514,0.05608644859813078,True,0.11798677533586449,"[3703, 2687, 3509, 3171, 2312, 1430, 21023, 10815, 5621, 5071, 4118, 2880]","[0.05344008, 0.07712424, 0.09026265, 0.06609537, 0.07988367, 0.10690188, 0.13657255, 0.10817285, 0.10929596, 0.10544402, 0.11585121, 0.10853671]",5,34.713960292000024
